id,Rede,Nome,Localizado em,Endereço,Bairro,CEP,Tipo,Latitude,Longitude,geometry
Academia de Ginastica_10.395.293,Companhia Athletica,Cia111,Rua,"R José Guerra, 111",Chácara Santo Antônio,04719030,Academia de Ginastica,-23.618596,-46.573278,POINT (-46.573278 -23.618596)
Academia de Ginastica_11.093.389,Smart Fit,Academia Smart Fit Sapopemba,Rua,Av. Sapopemba,Jardim Adutora,03988010,Academia de Ginastica,-23.620798,-46.513838,POINT (-46.513838 -23.620798)
Academia de Ginastica_11.093.396,Smart Fit,Academia Smart Fit Agua Branca,Rua,Av. Francisco Matarazzo,Água Branca,05001100,Academia de Ginastica,-22.751938,-47.629119,POINT (-47.629119 -22.751938)
Academia de Ginastica_11.093.398,Bluefit,Bluefit Continental,Rua,100 Pavmto2,Parque Continental,05328020,Academia de Ginastica,-23.546261,-46.761435,POINT (-46.761435 -23.546261)
Academia de Ginastica_11.093.402,Smart Fit,Academia Smart Fit Shopping Heliopolis,Rua,Est. das Lágrimas,São João Climaco,04244000,Academia de Ginastica,-23.412811,-46.456712,POINT (-46.456712 -23.412811)
Academia de Ginastica_11.093.409,Smart Fit,Academia Smart Fit Raposo Tavares,Rua,Rod. Raposo Tavares,Jardim Cambara,05577901,Academia de Ginastica,-23.586236,-46.811597,POINT (-46.811597 -23.586236)
Academia de Ginastica_11.093.425,Smart Fit,Academia Smart Fit Aricanduva,Rua,Av. Aricanduva,Jardim Santa Teresinha,03527900,Academia de Ginastica,-23.635285,-46.532496,POINT (-46.532496 -23.635285)
Academia de Ginastica_11.093.428,Smart Fit,Academia Smart Fit Vila Alpina,Rua,R. Costa Barros,Sítio Pinheirinho,03210001,Academia de Ginastica,-23.436673,-46.300431,POINT (-46.300431 -23.436673)
Academia de Ginastica_11.094.643,Smart Fit,Academia Smart Fit Est do Mboi Mirim,Rua,Est. do M'boi Mirim,Jardim das Flores,04906900,Academia de Ginastica,-23.536505,-46.79336,POINT (-46.79336 -23.536505)
Academia de Ginastica_11.094.646,Smart Fit,Academia Smart Fit Shopping Interlagos,Rua,Av. Interlagos,Jardim Umuarama,04661200,Academia de Ginastica,-23.652387,-46.533937,POINT (-46.533937 -23.652387)
Academia de Ginastica_11.094.658,Smart Fit,Academia Smart Fit Parque Sao Lucas,Rua,Av. do Oratório,Jardim Guairaca,03220200,Academia de Ginastica,-23.652387,-46.533937,POINT (-46.533937 -23.652387)
Academia de Ginastica_11.094.664,Panobianco,Panobianco Boturussu,Rua,Av. São Miguel,Jardim Cotinha,03871100,Academia de Ginastica,-23.652387,-46.533937,POINT (-46.533937 -23.652387)
Academia de Ginastica_11.094.671,Smart Fit,Academia Smart Fit Santa Cecilia,Rua,Alameda Barros,Vila Buarque,01226020,Academia de Ginastica,-23.448312,-46.505999,POINT (-46.505999 -23.448312)
Academia de Ginastica_11.094.678,Smart Fit,Academia Smart Fit Shopping Campo Limpo,Rua,Estr. do Campo Limpo,Vila Prel,05777970,Academia de Ginastica,-22.109489,-49.070391,POINT (-49.070391 -22.109489)
Academia de Ginastica_11.094.679,Bluefit,Bluefit,Rua,R. Verbo Divino,Chácara Santo Antônio,04719001,Academia de Ginastica,-23.618596,-46.573278,POINT (-46.573278 -23.618596)
Academia de Ginastica_11.094.684,Selfit,Selfit Academias Vila Santa Clara,Rua,Rua Buenópolis,Vila Santa Clara,03161010,Academia de Ginastica,-22.796107,-45.222032,POINT (-45.222032 -22.796107)
Academia de Ginastica_11.094.687,Smart Fit,Academia Smart Fit Belenzinho,Rua,R. Cajuru,Belenzinho,03057000,Academia de Ginastica,-23.648148,-46.820232,POINT (-46.820232 -23.648148)
Academia de Ginastica_11.094.690,Panobianco,Panobianco Baruel,Rua,Av. Baruel,Vila Baruel,02522000,Academia de Ginastica,-23.779579,-45.358564,POINT (-45.358564 -23.779579)
Academia de Ginastica_11.094.694,Smart Fit,Academia Smart Fit Shopping Cidade Tiradentes,Rua,Estr. Iguatemi,Jardim Pedra Branca,08490500,Academia de Ginastica,-23.113974,-48.612917,POINT (-48.612917 -23.113974)
Academia de Ginastica_11.094.734,Smart Fit,Smart Fit Carrefour Raposo Tavares,Rua,Jardim Cláudia,Jardim Cláudia,05577200,Academia de Ginastica,-23.73052345,-46.57617757640044,POINT (-46.57617757640044 -23.73052345)
Academia de Ginastica_11.094.740,Smart Fit,Academia Smart Fit Jardim Miriam,Rua,Av. Cupecê,Jardim Prudência,04366001,Academia de Ginastica,-23.652387,-46.533937,POINT (-46.533937 -23.652387)
Academia de Ginastica_11.094.750,Smart Fit,Smart Fit,Rua,Estr. do Alvarenga,Balneário São Francisco,04474340,Academia de Ginastica,-23.661074,-46.820136,POINT (-46.820136 -23.661074)
Academia de Ginastica_11.094.759,Smart Fit,Academia Smart Fit SP Market,Rua,Av. das Nações Unidas,Jurubatuba,04795000,Academia de Ginastica,-23.5247,-46.758439,POINT (-46.758439 -23.5247)
Academia de Ginastica_11.094.764,Smart Fit,Academia Smart Fit Itaberaba II,Rua,Av. Itaberaba,Vila Primavera,02734000,Academia de Ginastica,-23.35475,-47.844432,POINT (-47.844432 -23.35475)
Academia de Ginastica_11.094.768,Smart Fit,Academia Smart Fit Sao Miguel,Rua,Av. São Miguel,Jardim Cotinha,03870100,Academia de Ginastica,-23.652387,-46.533937,POINT (-46.533937 -23.652387)
Academia de Ginastica_11.094.780,Smart Fit,Academia Smart Fit Jabaquara,Rua,Rua das Perobas,Jardim Oriental,04321120,Academia de Ginastica,-23.609495,-46.548993,POINT (-46.548993 -23.609495)
Academia de Ginastica_11.094.781,Smart Fit,Academia Smart Fit Vila Nova Cachoeirinha,Rua,Av. Parada Pinto,Vila Nova Cachoeirinha,02611002,Academia de Ginastica,-23.895597,-46.425581,POINT (-46.425581 -23.895597)
Academia de Ginastica_1.306.310,A! Body Tech,Pinheiros - Eldorado,Shopping Center,Av Rebouças 3970,Jardim América,5402918,Academia de Ginastica,-21.14083265,-48.9630044,POINT (-48.9630044 -21.14083265)
Agencia Bancaria_10.024.776,Bb,Escr. Exc. Pref. Sp1,Rua,"R Verbo Divino, 1830",Ch Sto Antonio (z Sul),04719907,Agencia Bancaria,-23.618596,-46.573278,POINT (-46.573278 -23.618596)
Agencia Bancaria_10.024.782,Santander,001 - 3727 Brooklin - SP - SP,Rua,"R Joaquim Nabuco, 138",Brooklin Paulista,04621001,Agencia Bancaria,-23.4952,-46.557375,POINT (-46.557375 -23.4952)
Agencia Bancaria_10.024.792,Bradesco,"Agência Corporate Morumbi, SP",Rua,"Av Dr Chucri Zaidan, 80",Chacara Sto Antonio,04583110,Agencia Bancaria,-23.618596,-46.573278,POINT (-46.573278 -23.618596)
Agencia Bancaria_10.024.807,Cef,"Fazenda da Juta, SP",Rua,"Av Sapopemba,, 11477",Jardim Adutora,03989010,Agencia Bancaria,-23.620798,-46.513838,POINT (-46.513838 -23.620798)
Agencia Bancaria_10.024.808,Sicoob,Sicoob PA - Indianopolis,Rua,"AL dos Anhambiquara, 1388",Indianópolis,04090003,Agencia Bancaria,-23.288611,-47.678929,POINT (-47.678929 -23.288611)
Agencia Bancaria_10.024.828,Ebury banco de Câmbio,Matriz,Rua,"Av das Nações Unidas, 11633",Brooklin Paulista,04578901,Agencia Bancaria,-23.5247,-46.758439,POINT (-46.758439 -23.5247)
Agencia Bancaria_10.024.863,Bradesco,Agência Digital - SP,Rua,"Av Brigadeiro Faria Lima, 3064",Jardim Paulistano,01451000,Agencia Bancaria,-23.428279,-46.521752,POINT (-46.521752 -23.428279)
Agencia Bancaria_10.024.879,Bradesco,"Agência Corporate Faria Lima, SP",Rua,"Av Brigadeiro Faria Lima, 2157",Jd.paulistano,01452000,Agencia Bancaria,-23.436361,-46.52239,POINT (-46.52239 -23.436361)
Agencia Bancaria_10.024.880,Bradesco,"Prime Faria Lima,urb. Sao Paulo,sp",Rua,"Av Brigadeiro Faria Lima, 2157",Jd.paulistano,01452000,Agencia Bancaria,-23.436361,-46.52239,POINT (-46.52239 -23.436361)
Agencia Bancaria_10.024.881,Picpay Bank,Matriz,Rua,"Av Brigadeiro Faria Lima, 2113",Jardim Paulistano,01452001,Agencia Bancaria,-23.436748,-46.522317,POINT (-46.522317 -23.436748)
Agencia Bancaria_10.024.882,Itaú,Sao Paulo/pamplona,Rua,"R Estados Unidos, 627",Jardim América,01427000,Agencia Bancaria,-23.090298795766387,-47.20396511990891,POINT (-47.20396511990891 -23.090298795766387)
Agencia Bancaria_10.024.887,Santander,SP - Av. 9 de Julho,Rua,"R Estados Unidos, 746",Jardim America,14270000,Agencia Bancaria,-22.76463778233205,-47.40591206486226,POINT (-47.40591206486226 -22.76463778233205)
Agencia Bancaria_10.024.944,Safra,Gabriel Monteiro,Rua,"Av Brigadeiro Faria Lima, 1571",Jardim Paulistano,01452001,Agencia Bancaria,-23.441421,-46.521698,POINT (-46.521698 -23.441421)
Agencia Bancaria_10.024.961,Sicoob,Sicoob PA - SP Teodoro Sampaio,Rua,"R Teodoro Sampaio, 399",Jardim America,05405000,Agencia Bancaria,-23.512270834623063,-46.35964958505282,POINT (-46.35964958505282 -23.512270834623063)
Agencia Bancaria_10.024.973,Bb,Matriz - Sao Paulo,Rua,"R Quinze de Novembro, 111",Centro,01013001,Agencia Bancaria,-23.31941255428833,-46.58516564809142,POINT (-46.58516564809142 -23.31941255428833)
Agencia Bancaria_10.024.984,Bradesco,"Prime Nova Central,urb. Sao Paulo,sp",Rua,"Av Ipiranga, 210",Centro,01046010,Agencia Bancaria,-22.916187,-47.0571573,POINT (-47.0571573 -22.916187)
Agencia Bancaria_10.024.986,Bradesco,"Agência Corporate Nova Central, SP",Rua,"Av Ipiranga, 210",Centro,01046010,Agencia Bancaria,-22.916187,-47.0571573,POINT (-47.0571573 -22.916187)
Agencia Bancaria_10.024.993,Bradesco,"Rua Boa Vista, Urb. Sao Paulo, SP",Rua,"R Boa Vista, 236",Centro,01014000,Agencia Bancaria,-23.71444355173197,-46.8497754519375,POINT (-46.8497754519375 -23.71444355173197)
Agencia Bancaria_10.024.995,Bb,Gecex Sao Paulo II,Rua,"R Sao Bento, 465",Centro,01011100,Agencia Bancaria,-23.71166485,-46.5446308,POINT (-46.5446308 -23.71166485)
Agencia Bancaria_10.024.997,Santander,001 - 3004 SP - R. Boa Vista,Rua,"R Boa Vista,, 263",Centro,01014001,Agencia Bancaria,-23.71444355173197,-46.8497754519375,POINT (-46.8497754519375 -23.71444355173197)
Agencia Bancaria_10.024.999,Santander,Central,Rua,"R Boa Vista, 263",Centro,01062900,Agencia Bancaria,-23.83445932503233,-46.82092501576872,POINT (-46.82092501576872 -23.83445932503233)
Agencia Bancaria_10.025.018,Santander,001 - 0671 Belenzinho I - SP - SP,Rua,"R Cajuru, 913",Belenzinho,03057000,Agencia Bancaria,-23.648148,-46.820232,POINT (-46.820232 -23.648148)
Agencia Bancaria_10.025.019,Santander,001 - 3632 Belenzinho - SP - SP,Rua,"R Cajuru, 913",Belenzinho,30570000,Agencia Bancaria,-23.648148,-46.820232,POINT (-46.820232 -23.648148)
Agencia Bancaria_10.025.030,Bb,Escr. Exc. Centro,Rua,"Av Prestes Maia, 894",Centro,01031000,Agencia Bancaria,-23.67865995,-46.61451055,POINT (-46.61451055 -23.67865995)
Agencia Bancaria_10.025.031,Bb,Escr. Exc. Luz SP,Rua,"Av Prestes Maia, 894",Centro,01031000,Agencia Bancaria,-23.67865995,-46.61451055,POINT (-46.61451055 -23.67865995)
Agencia Bancaria_10.025.046,Bb,Campos Eliseos,Rua,"Av Rio Branco, 1437",Campos Eliseos,01205001,Agencia Bancaria,-24.153674,-46.730025,POINT (-46.730025 -24.153674)
Agencia Bancaria_10.025.056,Bradesco,"Prime Av. Antartica,urb. Sao Paulo, SP",Rua,"Av Antartica, 608",Agua Branca,05003020,Agencia Bancaria,-22.751938,-47.629119,POINT (-47.629119 -22.751938)
Agencia Bancaria_10.025.058,Bb,Vila Re,Rua,"R Itingucu, 1665",V.re,03658011,Agencia Bancaria,-23.66682,-46.802245,POINT (-46.802245 -23.66682)
Agencia Bancaria_10.025.096,Bradesco,"Nossa Senhora do O,urb. Sao Paulo, SP",Rua,"Av Sta Marina, 2651",Vila Albertina,02732040,Agencia Bancaria,41.049183,15.022306,POINT (15.022306 41.049183)
Agencia Bancaria_10.025.103,Bradesco,"Vila Guilherme,urb. Sao Paulo, SP",Rua,"R Maria Candida, 554",Parada Inglesa,02071000,Agencia Bancaria,-23.478912,-46.551728,POINT (-46.551728 -23.478912)
Agencia Bancaria_10.054.488,Banco Bv,Matriz,Rua,"Av das Nações Unidas, S/N",Vila Gertrudes,04794000,Agencia Bancaria,-23.5247,-46.758439,POINT (-46.758439 -23.5247)
Agencia Bancaria_10.073.766,Btg Pactual,Banqi,Rua,"Av Brigadeiro Faria Lima, 3477",Chácara Itaim,00000000,Agencia Bancaria,-23.424935,-46.523427,POINT (-46.523427 -23.424935)
Agencia Bancaria_10.073.767,Btg Pactual,Aquicard,Rua,"Av Brigadeiro Faria Lima, 3477",Chácara Itaim,00000000,Agencia Bancaria,-23.424935,-46.523427,POINT (-46.523427 -23.424935)
Agencia Bancaria_10.073.768,Btg Pactual,Recargapay,Rua,"Av Brigadeiro Faria Lima, 3477",Chácara Itaim,00000000,Agencia Bancaria,-23.424935,-46.523427,POINT (-46.523427 -23.424935)
Agencia Bancaria_10.098.790,Btg Pactual,Btg+ Business,Rua,"Av Brigadeiro Faria Lima, 3477",Chácara Itaim,04538133,Agencia Bancaria,-23.424935,-46.523427,POINT (-46.523427 -23.424935)
Agencia Bancaria_10.124.057,Lage,Agência São Paulo,Shopping Center,"Av Presidente Juscelino Kubitschek, 2041",Vila Nova Conceição,04543011,Agencia Bancaria,-23.695965,-46.617871,POINT (-46.617871 -23.695965)
Agencia Bancaria_10.124.645,Btg Pactual,Banco Btg Pactual S.a. Zoom,Rua,"Av Brig Faria Lima, 3477",Chácara Itaim,4538132,Agencia Bancaria,-23.424935,-46.523427,POINT (-46.523427 -23.424935)
Agencia Bancaria_10.124.646,Btg Pactual,Banco Btg Pactual S.a. Agencia Buscape,Rua,"Av Brig Faria Lima, 3477",Chácara Itaim,4538132,Agencia Bancaria,-23.424935,-46.523427,POINT (-46.523427 -23.424935)
Agencia Bancaria_10.124.650,Sicoob,Sicoob PA - São Paulo - Centro,Rua,"Pça Ramos de Azevedo, 206",Centro,01037910,Agencia Bancaria,-23.471644,-46.531522,POINT (-46.531522 -23.471644)
Agencia Bancaria_10.124.652,Sicoob,Sicoob - PA Gn São Paulo,Rua,"Av Brasil, 1402",Jardim América,01430001,Agencia Bancaria,-23.302294896434304,-45.98430784432031,POINT (-45.98430784432031 -23.302294896434304)
Agencia Bancaria_10.124.653,Sicoob,Sicoob PA - São Paulo - Av. Brasil,Rua,"Av Brasil, 1402",Jardim América,01430001,Agencia Bancaria,-23.302294896434304,-45.98430784432031,POINT (-45.98430784432031 -23.302294896434304)
Agencia Bancaria_10.124.654,Sicoob,Sicoob PA - Coopmil Pirituba,Rua,"Pça Comendador Souza Cruz, 115",Jardim Regina,05174410,Agencia Bancaria,-23.652387,-46.533937,POINT (-46.533937 -23.652387)
Agencia Bancaria_10.164.393,Bb,Esc Municipios SP,Rua,"R Quinze de Novembro, 111",Centro,00101300,Agencia Bancaria,-23.31941255428833,-46.58516564809142,POINT (-46.58516564809142 -23.31941255428833)
Agencia Bancaria_10.194.439,Sicoob,Sicoob PA - Coopmil Digital Mbr,Rua,"R Venceslau Brás, 175",Centro,01016000,Agencia Bancaria,-23.51890464017027,-46.84280109446526,POINT (-46.84280109446526 -23.51890464017027)
Agencia Bancaria_10.384.186,Unicred,Agencia Hc,Rua,"R Teodoro Sampaio, 340",Clínicas,5405000,Agencia Bancaria,-23.629023,-46.574823,POINT (-46.574823 -23.629023)
Agencia Bancaria_10.393.896,Btg Pactual,Faria Lima,Rua,"Av Brigadeiro Faria Lima, 3064",Chácara Itaim,01451000,Agencia Bancaria,-23.428279,-46.521752,POINT (-46.521752 -23.428279)
Agencia Bancaria_10.394.604,Sicoob,Sicoob PA - SP Brooklin,Rua,"Pça Soneto Esquina com R Guararapes, 17",Brooklin,04561080,Agencia Bancaria,-23.474195,-46.558854,POINT (-46.558854 -23.474195)
Agencia Bancaria_10.394.606,Sicoob,Sicoob PA - SP Faria Lima,Rua,"Av Brigadeiro Faria Lima, 2018",Jardim Paulistano,01451000,Agencia Bancaria,-23.437585,-46.522291,POINT (-46.522291 -23.437585)
Agencia Bancaria_10.877.824,Bradesco,,Rua,"Av. Presidente Juscelino Kubitschek, 1309",Vila Nova Conceição,04543011,Agencia Bancaria,-23.695965,-46.617871,POINT (-46.617871 -23.695965)
Agencia Bancaria_10.877.827,Bradesco,,Rua,"Av. Presidente Juscelino Kubitschek,, 1309",Vila Nova Conceição,04543011,Agencia Bancaria,-23.695965,-46.617871,POINT (-46.617871 -23.695965)
Agencia Bancaria_10.877.969,Sicoob,,Rua,"Rua Venceslau Brás, 175",Centro,01016000,Agencia Bancaria,-23.51890464017027,-46.84280109446526,POINT (-46.84280109446526 -23.51890464017027)
Agencia Bancaria_1.669.627,Itaú,Personnalité Morumbi Office,Shopping Center,"Avenid Roque Petroni, 1089",Jardim das Acácias,04707900,Agencia Bancaria,-20.940825,-48.459159,POINT (-48.459159 -20.940825)
Agencia Bancaria_1.670.274,Santander,001 - 1634 Capao Redondo - SP - SP,Rua,"Est de Itapecerica, 3848",Vila Prel,05835004,Agencia Bancaria,-23.779579,-45.358564,POINT (-45.358564 -23.779579)
Agencia Bancaria_1.670.831,Scotiabank,Matriz,Rua,"Av Brigadeiro Faria Lima, 2277",Jardim Paulistano,01452000,Agencia Bancaria,-23.435202,-46.52211,POINT (-46.52211 -23.435202)
Agencia Bancaria_1.671.074,Itaú,Personnalité Estados Unidos,Rua,"R Estados Unidos, 1721",Jardim America,01427002,Agencia Bancaria,-23.090298795766387,-47.20396511990891,POINT (-47.20396511990891 -23.090298795766387)
Agencia Bancaria_1.671.722,Santander,Sao Paulo,Rua,"R Boa Vista, 263",Centro,01014001,Agencia Bancaria,-23.71444355173197,-46.8497754519375,POINT (-46.8497754519375 -23.71444355173197)
Agencia Bancaria_1.671.730,Santander,Matriz,Rua,"Av Presidente Juscelino Kubitschek, 2041",Vila Nova Conceição,04543011,Agencia Bancaria,-23.695965,-46.617871,POINT (-46.617871 -23.695965)
Agencia Bancaria_1.671.954,Bb,Estilo Joao Mendes,Rua,"Lgo Sete de Setembro, S/N",Centro,01501050,Agencia Bancaria,-23.469317,-46.53086,POINT (-46.53086 -23.469317)
Agencia Bancaria_1.672.027,Bb,Palacio da Justica,Rua,"Pça da SE, S/N",Centro,01001000,Agencia Bancaria,59.712914,15.139446,POINT (15.139446 59.712914)
Agencia Bancaria_1.672.107,Bb,Estilo Sao Joao,Rua,"Av Sao Joao, 32",Centro,01036900,Agencia Bancaria,-20.54792822826117,-48.57715024088635,POINT (-48.57715024088635 -20.54792822826117)
Agencia Bancaria_1.672.237,Bb,Estilo Sao Paulo,Rua,"R Quinze de Novembro, 324",Centro,01013905,Agencia Bancaria,-23.46920485,-46.5277265,POINT (-46.5277265 -23.46920485)
Agencia Bancaria_1.672.565,Bb,Setor Publico SP,Rua,"R Quinze de Novembro, 111",Centro,01013001,Agencia Bancaria,-23.31941255428833,-46.58516564809142,POINT (-46.58516564809142 -23.31941255428833)
Agencia Bancaria_1.673.024,Bb,Jabaquara,Rua,"R dos Jequitibas, 201",V.pq.jabaquara,04321090,Agencia Bancaria,-23.64161,-46.54935,POINT (-46.54935 -23.64161)
Agencia Bancaria_1.673.854,Bb,Brooklin Paulista,Rua,"R Joaquim Nabuco, 246",Brooklin Paulista,04621002,Agencia Bancaria,-23.495719,-46.558041,POINT (-46.558041 -23.495719)
Agencia Bancaria_1.674.600,Bb,Sao Paulo,Rua,"R Sao Bento, 483",Centro,01011100,Agencia Bancaria,-23.71166485,-46.5446308,POINT (-46.5446308 -23.71166485)
Agencia Bancaria_1.674.667,Citibank,Teodoro Sampaio,Rua,"Av Brigadeiro Faria Lima, 1790",Jardim Paulistano,01451001,Agencia Bancaria,-23.439733,-46.522465,POINT (-46.522465 -23.439733)
Agencia Bancaria_1.674.673,Citibank,Sumaré,Rua,"Av Sumaré, 1099",Puc,05016110,Agencia Bancaria,-23.422677,-46.505787,POINT (-46.505787 -23.422677)
Agencia Bancaria_1.675.286,Bradesco,"Prime Edificio Dacon, Urb. Sao Paulo, SP",Rua,"Av Brigadeiro Faria Lima, 2785",Jardim Paulistano,01452000,Agencia Bancaria,-23.430734,-46.521421,POINT (-46.521421 -23.430734)
Agencia Bancaria_1.675.541,Bradesco,"Campos Eliseos,urb. Sao Paulo, SP",Rua,"Av Rio Branco, 1500",Campos Eliseos,01206001,Agencia Bancaria,-24.153674,-46.730025,POINT (-46.730025 -24.153674)
Agencia Bancaria_1.675.647,Itaú,Itaubba Recebíveis,Rua,"R Jundiaí, 125",Paraíso,04001140,Agencia Bancaria,-23.154845734458224,-47.05247598539338,POINT (-47.05247598539338 -23.154845734458224)
Agencia Bancaria_1.675.720,Itaú,Personnalité/jardim Paulistano,Rua,"Av Brigadeiro Faria Lima, 2189",Jardim Paulistano,01452000,Agencia Bancaria,-23.436012,-46.522371,POINT (-46.522371 -23.436012)
Agencia Bancaria_1.676.380,Bb,S. Publico SP Sudeste,Rua,"R Quinze de Novembro, 111",Centro,01013001,Agencia Bancaria,-23.31941255428833,-46.58516564809142,POINT (-46.58516564809142 -23.31941255428833)
Agencia Bancaria_1.678.225,Santander,001 - 2002 Belenzinho II - SP - SP,Rua,"R Cajuru, 913",Belenzinho,03057000,Agencia Bancaria,-23.648148,-46.820232,POINT (-46.820232 -23.648148)
Agencia Bancaria_1.678.253,Santander,Banco Direto Sao Paulo,Rua,"R Estados Unidos, 746",Jd America,01427000,Agencia Bancaria,-25.549797,-48.5459,POINT (-48.5459 -25.549797)
Agencia Bancaria_1.678.371,Santander,Av Brasil - SP - SP,Rua,"Av Brasil, 376",Jardim America,01430000,Agencia Bancaria,-20.52697815,-47.3870701,POINT (-47.3870701 -20.52697815)
Agencia Bancaria_1.678.385,Santander,Ag. Urb - SP - Jd. Paulistano,Rua,"Av Brigadeiro Faria Lima, 1909",Jardim Paulistano,01452001,Agencia Bancaria,-23.438493,-46.522472,POINT (-46.522472 -23.438493)
Agencia Bancaria_1.678.415,Santander,Estados Unidos - SP - SP,Rua,"R Estados Unidos, 1821",Jardim America,01427002,Agencia Bancaria,-23.090298795766387,-47.20396511990891,POINT (-47.20396511990891 -23.090298795766387)
Agencia Bancaria_1.678.922,Bradesco,"Jardim Sapopemba,urb. Sao Paulo, SP",Rua,"Av Sapopemba, 11817",Jardim Adutora,03989010,Agencia Bancaria,-23.620798,-46.513838,POINT (-46.513838 -23.620798)
Agencia Bancaria_1.679.296,Bradesco,"Prime Avenida Brasil,urb. Sao Paulo, SP",Rua,"Av Brasil, 1122",Jardim America,01430001,Agencia Bancaria,-23.302294896434304,-45.98430784432031,POINT (-45.98430784432031 -23.302294896434304)
Agencia Bancaria_1.679.574,Bradesco,"Largo Sao Mateus,urb. Sao Paulo, SP",Rua,"Av Sapopemba, 13790",Jardim Adutora,03989000,Agencia Bancaria,-23.652387,-46.533937,POINT (-46.533937 -23.652387)
Agencia Bancaria_1.680.515,Santander,Brooklin,Rua,"R Joaquim Nabuco, 138",Brooklin Pta.,04621001,Agencia Bancaria,-23.4952,-46.557375,POINT (-46.557375 -23.4952)
Agencia Bancaria_1.680.530,Santander,Ag. Urb - SP - Pca. America,Rua,"Av Brasil,, 376",Jardim America,01430000,Agencia Bancaria,-20.52697815,-47.3870701,POINT (-47.3870701 -20.52697815)
Agencia Bancaria_1.680.637,Santander,001 - 0729 Lgo da Batata - Cap - SP,Rua,"Av Brigadeiro Faria Lima, 1100",Jardim Paulistano,01451001,Agencia Bancaria,-23.445555,-46.521118,POINT (-46.521118 -23.445555)
Agencia Bancaria_1.680.712,Santander,Jd Europa - SP - SP,Rua,"Av Brigadeiro Faria Lima, 1762",Jd. Paulistano,01451001,Agencia Bancaria,-23.440103,-46.522375,POINT (-46.522375 -23.440103)
Agencia Bancaria_1.681.094,Santander,001 - 1306 Cidade Jardim I - Cap - SP,Rua,"Av Brigadeiro Faria Lima, 2491",Jardim Paulistano,01452000,Agencia Bancaria,-23.433232,-46.5219,POINT (-46.5219 -23.433232)
Agencia Bancaria_1.681.100,Santander,Brooklin,Rua,"R Joaquim Nabuco, 138",Brooklin Paulista,46210001,Agencia Bancaria,-23.4952,-46.557375,POINT (-46.557375 -23.4952)
Agencia Bancaria_1.681.612,Paulista,Matriz,Rua,"Av Brigadeiro Faria Lima, 1355",Jardim Paulistano,01452919,Agencia Bancaria,-23.443321,-46.521124,POINT (-46.521124 -23.443321)
Agencia Bancaria_1.682.049,Bradesco,"Avenida Antartica,urb. Sao Paulo, SP",Rua,"Av Antartica, 608",Agua Branca,05003020,Agencia Bancaria,-22.751938,-47.629119,POINT (-47.629119 -22.751938)
Agencia Bancaria_1.682.241,Bradesco,"Prime Rua Boa Vista,urb. Sao Paulo, SP",Rua,"R Boa Vista, 236",Centro,01014000,Agencia Bancaria,-23.71444355173197,-46.8497754519375,POINT (-46.8497754519375 -23.71444355173197)
Agencia Bancaria_1.682.518,Bradesco,"Faria Lima,urb. Sao Paulo, SP",Rua,"Av Brigadeiro Faria Lima, 2157",Jardim Paulistano,01452000,Agencia Bancaria,-23.436361,-46.52239,POINT (-46.52239 -23.436361)
Agencia Bancaria_1.682.996,Bradesco,"Ponte Pequena,urb. Sao Paulo, SP",Rua,"Av Tiradentes, 1286",Ponte Pequena,01102000,Agencia Bancaria,-23.108214,-46.557488,POINT (-46.557488 -23.108214)
Agencia Bancaria_1.683.599,Bradesco,"Vila Diva,urb. Sao Paulo, SP",Rua,"Av Sapobemba, 3426",Vila Diva,03345000,Agencia Bancaria,-23.779579,-45.358564,POINT (-45.358564 -23.779579)
Agencia Bancaria_1.684.142,Bradesco,"Carlos de Campos,urb. Sao Paulo, SP",Rua,"R Dr Carlos de Campos, 343",Americanopolis,03028001,Agencia Bancaria,-23.873133,-46.807509,POINT (-46.807509 -23.873133)
Agencia Bancaria_1.684.391,Bradesco,"Vinte e Quatro de Maio,urb. Sao Paulo, SP",Rua,"R 24 de Maio, 96",Centro,01041000,Agencia Bancaria,-23.5683094,-46.0404309,POINT (-46.0404309 -23.5683094)
Agencia Bancaria_1.684.392,Bradesco,"Vinte e Cinco de Marco,urb. Sao Paulo, SP",Rua,"R 25 de Marco, 746",Centro,01021100,Agencia Bancaria,-22.560271156958137,-47.39559309659023,POINT (-47.39559309659023 -22.560271156958137)
Agencia Bancaria_1.684.666,Bradesco,"Central,urb. Sao Paulo, SP",Rua,"R 15 de Novembro, 233",Centro,01013001,Agencia Bancaria,-23.700869694241145,-46.559009081302506,POINT (-46.559009081302506 -23.700869694241145)
Agencia Bancaria_1.684.743,Itaú,SP/bairro Iguatemi,Rua,"Av Ragueb Choffi, 4570",Jardim Tres Marias,08375000,Agencia Bancaria,-20.960386,-48.489801,POINT (-48.489801 -20.960386)
Agencia Bancaria_1.684.959,Itaú,Personnalité Paraíso,Rua,"Pça Oswalso Cruz, 113",Paraíso,04004070,Agencia Bancaria,-23.633188,-46.56623,POINT (-46.56623 -23.633188)
Agencia Bancaria_1.685.390,Itaú,SP/av. do Oratório,Rua,"Av do Oratório, 4393",Jardim Guairacá,03221200,Agencia Bancaria,-23.652387,-46.533937,POINT (-46.533937 -23.652387)
Agencia Bancaria_1.685.424,Itaú,Personnalite Gabriel Par,Rua,"AL Gabriel Monteiro da Silva, 1160",Jardim America,01442000,Agencia Bancaria,-23.652387,-46.533937,POINT (-46.533937 -23.652387)
Agencia Bancaria_1.685.810,Itaú,Personnalite Centro,Rua,"R Boa Vista, 176",Centro,01014000,Agencia Bancaria,-23.71444355173197,-46.8497754519375,POINT (-46.8497754519375 -23.71444355173197)
Agencia Bancaria_1.685.815,Itaú,Personnalite Faria Lima,Rua,"Av Brigadeiro Faria Lima, 1478",Jardim Paulistano,01472900,Agencia Bancaria,-23.441574,-46.521624,POINT (-46.521624 -23.441574)
Agencia Bancaria_1.685.885,Itaú,SP/m Boi Mirim,Rua,"Estr do M Boi Mirim, 923",Jd. das Flores,04905020,Agencia Bancaria,-23.536505,-46.79336,POINT (-46.79336 -23.536505)
Agencia Bancaria_1.685.916,Itaú,SP/ermelino Matarazzo,Rua,"Pça 1º de Maio, 34",Ermelino Matarazzo,03806080,Agencia Bancaria,-22.5582,-47.430364,POINT (-47.430364 -22.5582)
Agencia Bancaria_1.685.945,Itaú,S. Paulo/chac. Sto. Antonio,Rua,"Av Americo Brasiliense, 1687",Ch. Santo Antonio,04715003,Agencia Bancaria,-21.729011,-48.103557,POINT (-48.103557 -21.729011)
Agencia Bancaria_1.686.107,Itaú,Sao Paulo/estac. Conceicao,Rua,"Av Eng Armando Arruda Pereira, 774",Pque.jabaquara,08210040,Agencia Bancaria,-23.627332,-46.576055,POINT (-46.576055 -23.627332)
Agencia Bancaria_1.686.261,Itaú,Sao Paulo/cidade Vargas,Rua,"R Nelson Fernandes, 171",Cidade Vargas,04319000,Agencia Bancaria,-23.515233,-46.362092,POINT (-46.362092 -23.515233)
Agencia Bancaria_1.686.334,Itaú,S. Paulo/pque. Novo Mundo,Rua,"AL Primeiro Sgto Basilio Nogueira Costa, 310",Parque Novo Mundo,02186040,Agencia Bancaria,-23.264643,-47.671254,POINT (-47.671254 -23.264643)
Agencia Bancaria_1.686.575,Itaú,Sao Paulo/cantareira,Rua,"R da Cantareira, 371",Centro,01024100,Agencia Bancaria,-23.391367729351305,-46.30786948417725,POINT (-46.30786948417725 -23.391367729351305)
Agencia Bancaria_1.686.612,Itaú,Sao Paulo/faria Lima,Rua,"Av Brigadeiro Faria Lima, 1309",Jardim Paulistano,01452002,Agencia Bancaria,-23.721371,-46.550683,POINT (-46.550683 -23.721371)
Agencia Bancaria_1.686.690,Itaú,SP/iguatemi,Rua,"Av Brigadeiro Faria Lima, 2255",Jardim Paulistano,01451001,Agencia Bancaria,-23.435309,-46.52216,POINT (-46.52216 -23.435309)
Agencia Bancaria_1.686.822,Itaú,Sao Paulo/bairro Paraiso,Rua,"Pça Osvaldo Cruz, 143",Paraiso,04004070,Agencia Bancaria,-23.633188,-46.566221,POINT (-46.566221 -23.633188)
Agencia Bancaria_1.686.830,Itaú,S. Paulo/rua da Palmeiras,Rua,"R das Palmeiras -, 455",Vila Buarque,01226010,Agencia Bancaria,-23.474871,-46.540565,POINT (-46.540565 -23.474871)
Agencia Bancaria_1.686.882,Itaú,Sao Paulo/pque. Sao Lucas,Rua,"Av do Oratorio, 2246",Vila Independencia,03979030,Agencia Bancaria,-23.69854,-46.579792,POINT (-46.579792 -23.69854)
Agencia Bancaria_1.686.913,Itaú,S. Paulo/pca. da Republica,Rua,"Pça da Republica -, 490",Centro,01045000,Agencia Bancaria,-23.469317,-46.53086,POINT (-46.53086 -23.469317)
Agencia Bancaria_1.686.950,Itaú,Sao Paulo/silva Jardim,Rua,"R Silva Jardim, 47",Belenzinho,03057070,Agencia Bancaria,-23.636493,-46.53186,POINT (-46.53186 -23.636493)
Agencia Bancaria_1.686.961,Itaú,Sao Paulo/vila Guilherme,Rua,"R Maria Candida -, 1083",Parada,02071012,Agencia Bancaria,-24.978131,-53.466835,POINT (-53.466835 -24.978131)
Agencia Bancaria_1.686.971,Itaú,Pers/juscelino Kubitschek,Rua,"Av Presidente Juscelino Kubitschek, 1200",Vila Nova Conceicao,00000000,Agencia Bancaria,-23.695965,-46.617871,POINT (-46.617871 -23.695965)
Agencia Bancaria_1.686.978,Itaú,SP/av. Juscel. Kubitschek,Rua,"Av Presidente Juscelino Kubitschek, 1300",Vila Nova Conceicao,04543000,Agencia Bancaria,-23.695965,-46.617871,POINT (-46.617871 -23.695965)
Agencia Bancaria_1.687.166,Safra,Cidade Jardim,Rua,"Av Brigadeiro Faria Lima, 2668",Jardim Paulistano,01451000,Agencia Bancaria,-23.431813,-46.521517,POINT (-46.521517 -23.431813)
Agencia Bancaria_1.687.168,Safra,Paraiso,Rua,"Pça Osvaldo Cruz, 74",Paraiso,04004070,Agencia Bancaria,-23.633188,-46.56624,POINT (-46.56624 -23.633188)
Agencia Bancaria_1.687.173,Safra,Faria Lima,Rua,"Av Brigadeiro Faria Lima, 1571",Jardim Paulistano,01452001,Agencia Bancaria,-23.441421,-46.521698,POINT (-46.521698 -23.441421)
Agencia Bancaria_1.687.305,Citibank,Chácara Flora,Rua,"R Verbo Divino, 1105",Chácara Santo Antonio,04719002,Agencia Bancaria,-23.618596,-46.573278,POINT (-46.573278 -23.618596)
Agencia Bancaria_1.687.317,Citibank,Wtc(sp),Rua,"Av Nacoes Unidas, 12559",Chacara Itaim,04578903,Agencia Bancaria,-23.478589,-46.39182,POINT (-46.39182 -23.478589)
Agencia Bancaria_1.687.380,Bib,Matriz,Rua,"Av Pres Juscelino Kubitschek, 1703",Vila Nova Conceição,04543901,Agencia Bancaria,-23.695965,-46.617871,POINT (-46.617871 -23.695965)
Agencia Bancaria_1.715.672,Cef,"Parque Novo Mundo, SP",Rua,"Pça Novo Mundo, 211",Parque Novo Mundo,02185000,Agencia Bancaria,-21.725796,-41.312322,POINT (-41.312322 -21.725796)
Agencia Bancaria_1.715.821,Cef,"Rua Direita, SP",Rua,"R Direita, 200",Centro,01002000,Agencia Bancaria,-23.65905485623737,-46.45049487743098,POINT (-46.45049487743098 -23.65905485623737)
Agencia Bancaria_1.715.901,Cef,"Iguatemi, SP",Rua,"Av Brigadeiro Faria Lima, 2587",Jardim Paulistano,01452924,Agencia Bancaria,-23.432507,-46.521796,POINT (-46.521796 -23.432507)
Agencia Bancaria_1.715.957,Cef,"Estados Unidos, SP",Rua,"R Estados Unidos, 1898",Jardim America,01427002,Agencia Bancaria,-23.090298795766387,-47.20396511990891,POINT (-47.20396511990891 -23.090298795766387)
Agencia Bancaria_1.716.343,Cef,"Clinicas, SP",Rua,"R Teodoro Sampaio, 429",Jardim America,05405000,Agencia Bancaria,-23.512270834623063,-46.35964958505282,POINT (-46.35964958505282 -23.512270834623063)
Agencia Bancaria_1.716.463,Cef,"Jardim Paulista, SP",Rua,"R Estados Unidos, 292",Jardim America,01427000,Agencia Bancaria,-23.090298795766387,-47.20396511990891,POINT (-47.20396511990891 -23.090298795766387)
Agencia Bancaria_1.716.545,Cef,"Barra Funda, SP",Rua,"Av Rio Branco, 1675",Campos Eliseos,01206000,Agencia Bancaria,-24.153674,-46.730025,POINT (-46.730025 -24.153674)
Agencia Bancaria_1.716.590,Cef,"Pari, SP",Rua,"Av Carlos de Campos, 160",Centro,03028000,Agencia Bancaria,-23.29751848932823,-45.95572330182812,POINT (-45.95572330182812 -23.29751848932823)
Agencia Bancaria_1.716.705,Cef,"Sao Bento, SP",Rua,"R Sao Bento, 397",Centro,01011000,Agencia Bancaria,-23.71166485,-46.5446308,POINT (-46.5446308 -23.71166485)
Agencia Bancaria_1.717.355,Cef,"Porto Geral, SP",Rua,"R Boa Vista, 304",Centro,01014000,Agencia Bancaria,-23.71444355173197,-46.8497754519375,POINT (-46.8497754519375 -23.71444355173197)
Agencia Bancaria_1.717.791,Bb,Estilo Faria Lima,Rua,"Av Brig Faria Lima, 3003",Jd.paulistano,01452000,Agencia Bancaria,-23.429019,-46.521597,POINT (-46.521597 -23.429019)
Agencia Bancaria_2.351.474,Bradesco,"Nova Central,urb. Sao Paulo, SP",Rua,"Av Ipiranga, 210",Centro,01046010,Agencia Bancaria,-22.916187,-47.0571573,POINT (-47.0571573 -22.916187)
Agencia Bancaria_2.438.260,Bb,Santo Amaro Paulista,Rua,"R Paulo Eiro, 471",Sto.amaro Paulista,04752010,Agencia Bancaria,-22.738192,-47.659055,POINT (-47.659055 -22.738192)
Agencia Bancaria_2.438.262,Bb,Empresa Centro,Rua,"Av Prestes Maia, 894",Centro,01031000,Agencia Bancaria,-23.67865995,-46.61451055,POINT (-46.61451055 -23.67865995)
Agencia Bancaria_2.517.009,Santander,001 - 1164 Pca Jacomo Zanella - SP - SP,Rua,"Av Ermano Marquetti, 909",Agua Branca,05038001,Agencia Bancaria,47.690174,-2.736054,POINT (-2.736054 47.690174)
Agencia Bancaria_2.546.929,Bb,Estilo Rua e. Unidos,Rua,"R Estados Unidos, 1931",Jd America,01427002,Agencia Bancaria,-22.771303,-47.148817,POINT (-47.148817 -22.771303)
Agencia Bancaria_2.564.031,Santander,001 1728 Select Estados Unidos - SP,Rua,"R Estados Unidos, 1821",Jardim America,01427002,Agencia Bancaria,-23.090298795766387,-47.20396511990891,POINT (-47.20396511990891 -23.090298795766387)
Agencia Bancaria_2.894.571,Banco Original,Matriz,Rua,"Av Brigadeiro Faria Lima, 2113",Jardim Paulistano,01452001,Agencia Bancaria,-23.436748,-46.522317,POINT (-46.522317 -23.436748)
Agencia Bancaria_3.443.912,Bb,Estilo Min. Fazenda,Rua,"Av Prestes Maia, 733",Centro,01031001,Agencia Bancaria,-23.67865995,-46.61451055,POINT (-46.61451055 -23.67865995)
Agencia Bancaria_3.443.914,Bb,Estilo Reboucas - SP,Rua,"Av Brigadeiro Faria Lima, 1461",Jd Paulistano,01452002,Agencia Bancaria,-23.442323,-46.521339,POINT (-46.521339 -23.442323)
Agencia Bancaria_3.444.372,Santander,001 - 1782 Select G. Monteiro - SP,Rua,"AL Gabriel Monteiro da Silva, 1206",Jardim America,01442000,Agencia Bancaria,-23.652387,-46.533937,POINT (-46.533937 -23.652387)
Agencia Bancaria_3.444.373,Santander,001 - 1783 Select Pca America - SP,Rua,"Av Brasil, 1184",Jardim America,01430001,Agencia Bancaria,-23.302294896434304,-45.98430784432031,POINT (-45.98430784432031 -23.302294896434304)
Agencia Bancaria_3.971.350,Cef,"Av Casper Libero, SP",Rua,"Av Casper Libero, 63",Centro,01033001,Agencia Bancaria,-23.469317,-46.53086,POINT (-46.53086 -23.469317)
Agencia Bancaria_3.971.351,Cef,"Av Imperador, SP",Rua,"Av do Imperador, 3892",Jardim Sao Sebastiao,08050000,Agencia Bancaria,-20.960563,-48.486326,POINT (-48.486326 -20.960563)
Agencia Bancaria_4.261.504,Santander,001 - 1810 Select Brooklin - SP,Rua,"R Joaquim Nabuco, 169",Brooklin Paulista,04621001,Agencia Bancaria,-23.495357,-46.557574,POINT (-46.557574 -23.495357)
Agencia Bancaria_4.709.838,Bb,Gecex Sao Paulo I,Rua,"R Sao Bento, 465",Centro,01011100,Agencia Bancaria,-23.71166485,-46.5446308,POINT (-46.5446308 -23.71166485)
Agencia Bancaria_484.582,Cef,"SP Market, SP",Shopping Center,"Av das Nacoes Unidas, 22540",Vila Almeida,04795000,Agencia Bancaria,-23.779579,-45.358564,POINT (-45.358564 -23.779579)
Agencia Bancaria_5.376.105,Banco Inter,Agencia São Paulo,Rua,"Av Presidente Juscelino Kubitshek, 1400",Vila Nova Conceição,04543000,Agencia Bancaria,-23.695965,-46.617871,POINT (-46.617871 -23.695965)
Agencia Bancaria_5.914.577,Bb,Escr. Exc. Pref. Sp2,Rua,"R Verbo Divino, 1830",Ch Sto Antonio (z Sul),04719907,Agencia Bancaria,-23.618596,-46.573278,POINT (-46.573278 -23.618596)
Agencia Bancaria_6.399.551,Banco B3,Matriz,Rua,"Pça Antonio Prado, 48",Centro,01010901,Agencia Bancaria,-21.46503,-46.999896,POINT (-46.999896 -21.46503)
Agencia Bancaria_6.399.552,Banco Crefisa,Matriz,Rua,"R Canadá, 390",Jardim América,01436000,Agencia Bancaria,-22.946481451372637,-46.5547907176805,POINT (-46.5547907176805 -22.946481451372637)
Agencia Bancaria_6.399.576,Ibm,Banco Ibm S. a. - Filial Jk,Rua,"Av Presidente Juscelino Kubitschek, 1909",Vila Nova Conceição,04543907,Agencia Bancaria,-23.695965,-46.617871,POINT (-46.617871 -23.695965)
Agencia Bancaria_6.399.581,Itaú,Personnalité Fl 1800,Rua,"Av Brigadeiro Faria Lima, 1800",Jardim Paulistano,01451001,Agencia Bancaria,-23.4396,-46.522488,POINT (-46.522488 -23.4396)
Agencia Bancaria_7.325.475,Banco Andbank,Matriz,Rua,"Av Brigadeiro Faria Lima, 2179",Jardim Paulistano,00000000,Agencia Bancaria,-23.43607,-46.522329,POINT (-46.522329 -23.43607)
Agencia Bancaria_7.326.176,Bradesco Bbi,Filial Faria Lima,Rua,"Av Brigadeiro Faria Lima, 2157",Jardim Paulistano,01452000,Agencia Bancaria,-23.436361,-46.52239,POINT (-46.52239 -23.436361)
Agencia Bancaria_7.326.581,Safra,Jk,Rua,"Av Pres Juscelino Kubitschek, Loja,, 1327",Vila Nova Conceição,04543011,Agencia Bancaria,-23.895597,-46.425581,POINT (-46.425581 -23.895597)
Agencia Bancaria_7.326.694,Vr,Matriz,Rua,"Av dos Bandeirantes, S/N",Brooklin Paulista,04553900,Agencia Bancaria,-22.738192,-47.659055,POINT (-47.659055 -22.738192)
Agencia Bancaria_7.496.195,Bb,Shopping Campo Limpo,Shopping Center,"Estr do Campo Limpo, 459",V.prel,05777001,Agencia Bancaria,-23.472259,-46.308702,POINT (-46.308702 -23.472259)
Agencia Bancaria_7.498.439,Sicredi,51 - Pac Associacao Comercial de Sao Paulo,Rua,"R Boa Vista, 43",Centro,01014001,Agencia Bancaria,-23.71444355173197,-46.8497754519375,POINT (-46.8497754519375 -23.71444355173197)
Agencia Bancaria_7.498.472,Bradesco,"Ag. Plataforma Top Tier Faria Lima, SP",Rua,"Av Presidente Juscelino Kubitschek, 1309",Vila Nova Conceição,04543011,Agencia Bancaria,-23.695965,-46.617871,POINT (-46.617871 -23.695965)
Escola Privada_10076932,Privada,Cr P Conv Mariazinha,Rua,"Coutinho Melo, 302",Vila Iolanda,8473450,Escola Privada,-23.569692,-46.3715339,POINT (-46.3715339 -23.569692)
Escola Privada_10290767,Privada,Cr P Conv Maria Amelia Goncalves,Rua,"Hermilina Trindade da Silva, 30",Jardim Sao Judas Tadeu,4858175,Escola Privada,-23.361985,-47.869331,POINT (-47.869331 -23.361985)
Escola Privada_1762814,Privada,Cr P Conv Sao Bento,Rua,"Da Creche, 26",Jardim Marilda,4857282,Escola Privada,-23.652387,-46.533937,POINT (-46.533937 -23.652387)
Escola Privada_8083886,Privada,Cr P Conv Pequenas Turquesas IIi,Rua,"Francisco, 60",Jardim Bom Pastor,5884130,Escola Privada,-22.87956512709446,-48.45359035280258,POINT (-48.45359035280258 -22.87956512709446)
Escola Pública_1971952,Pública,Leonor Fernandes Costa Zacharias,Rua,"Enrique Amorim, 101",Jardim das Fontes,4894410,Escola Pública,-23.5225215,-47.4356456,POINT (-47.4356456 -23.5225215)
Faculdade_10.198.464,Privada,Centro Universitário das Faculdades Metropolitanas Unidas - Fmu,Rua,R Ministro Nelson Hungria 541,Real Parque,05690050,Faculdade,-23.57005,-46.825742,POINT (-46.825742 -23.57005)
Faculdade_10.257.877,Privada,"Instituto Brasileiro De Ensino, Desenvolvimento E Pesquisa De São Paulo",Rua,"Rua Itapeva 538 Térreo, 1O, 2O E 3O Andar",Masp,01332000,Faculdade,-23.519726,-46.754322,POINT (-46.754322 -23.519726)
Faculdade_10.385.919,Privada,Faculdade Ipessp,Rua,Rua Dona Antônia De Queirós 333 Faculdade Instituto De Pesquisa E Educação Em Saúde De São Paulo - Fipessp,Consolação,1307010,Faculdade,,,POINT EMPTY
Faculdade_10.385.920,Privada,Faculdade Educamais,Rua,Rua Conde Do Pinhal 80 Sede Conde Do Pinhal,Praça João Mendes,1501060,Faculdade,-22.109489,-49.070391,POINT (-49.070391 -22.109489)
Faculdade_10.385.928,Privada,Centro Universitário Belas Artes De São Paulo,Rua,Rua Estela 64 Campus Paraíso,,4841000,Faculdade,-21.018742,-48.77491,POINT (-48.77491 -21.018742)
Faculdade_10.385.931,Privada,Faculdade Cta,Rua,R Antônio Marcondes 285,,4883210,Faculdade,-23.4587639,-46.427977350000006,POINT (-46.427977350000006 -23.4587639)
Faculdade_10.385.932,Privada,Centro Universitário Belas Artes De São Paulo,Rua,Av Magalhães de Castro 12000,Real Parque,5676900,Faculdade,-23.02823,-45.573358,POINT (-45.573358 -23.02823)
Faculdade_10.385.934,Privada,Trevisan Escola Superior De Negócios,Rua,Av das Nações Unidas 14261,Chácara Santo Antônio,4578000,Faculdade,-23.5247,-46.758439,POINT (-46.758439 -23.5247)
Faculdade_1.729.524,Privada,Faculdade de São Paulo,Rua,Rua Conselheiro Crispiniano 116/120,Centro,05794330,Faculdade,-23.462587,-46.534328,POINT (-46.534328 -23.462587)
Faculdade_1.734.568,Privada,Faculdade Zumbi dos Palmares,Rua,Av Santos Dumont 843,Ponte Pequena,01101000,Faculdade,-23.129607,-46.572683,POINT (-46.572683 -23.129607)
Faculdade_1.736.219,Privada,Faculdade de São Bento,Rua,Largo de São Bento S/N,Centro,01029010,Faculdade,-23.445363586937383,-46.91648329142744,POINT (-46.91648329142744 -23.445363586937383)
Faculdade_5.368.510,Privada,Faculdade de Educação Paulistana,Rua,R Cordeiro de Silva 165 - 185,Parada de Taipas,,Faculdade,49.02017,12.095035,POINT (12.095035 49.02017)
Faculdade_5.368.534,Privada,Faculdade Dourado,Rua,R Nhatumani 556-568 568,Vila Ré,3663000,Faculdade,-23.441015,-46.532412,POINT (-46.532412 -23.441015)
Faculdade_7.506.869,Privada,Faculdade Rudolf Steiner,Rua,R Job Lane 900 - de 461/462 Ao Fim,Chácara Flora,04639001,Faculdade,51.34083,12.375101,POINT (12.375101 51.34083)
Faculdade_7.506.954,Privada,Faculdade Phorte de Educação e Tecnologia,Rua,R Treze de Maio 681 - Até 1149/1150,Bexiga,01327000,Faculdade,-23.451736,-46.56781,POINT (-46.56781 -23.451736)
Faculdade_7.506.958,Privada,Fgv / Escola de Relações Internacionais,Rua,"Av Nove de Julho, 2029",Masp,01313902,Faculdade,-23.512314,-46.339148,POINT (-46.339148 -23.512314)
Faculdade_7.506.982,Privada,Centro Universitário Sumaré,Rua,Av Doutor Arnaldo 1753 - de 601/602 Ao Fim,Sumaré,01255000,Faculdade,-22.823121,-47.26868,POINT (-47.26868 -22.823121)
Faculdade_7.507.176,Privada,Universidade São Judas Tadeu,Rua,Av Alexandre Dumas 2016,Chácara Santo Antônio,04717915,Faculdade,-23.618596,-46.573278,POINT (-46.573278 -23.618596)
Faculdade_7.507.256,Privada,Universidade Cruzeiro do Sul,Rua,Av Paulista 1.415 Campus Paulista,Pamplona,01311925,Faculdade,-22.718233,-47.673995,POINT (-47.673995 -22.718233)
Faculdade_7.507.294,Privada,Faculdade do Comércio de São Paulo,Rua,"R Boa Vista, 51",Cocaia,01014911,Faculdade,-23.44131922646719,-46.52324591099621,POINT (-46.52324591099621 -23.44131922646719)
Faculdade_7.507.364,Privada,Faculdade Qualittas,Rua,Av Dom Pedro I 480 Faculdade Qualittas,Vila Monumento,01552000,Faculdade,-23.779579,-45.358564,POINT (-45.358564 -23.779579)
Faculdade_7.507.443,Privada,Faculdade Álvares de Azevedo,Rua,Estrada do Campo Limpo 695,Parque Arariba,05777000,Faculdade,-23.472259,-46.308702,POINT (-46.308702 -23.472259)
Faculdade_7.507.480,Privada,Universidade São Judas Tadeu,Rua,R Voluntários da Pátria 2624,Alfredo Pujol,02402100,Faculdade,-23.512029,-46.35865,POINT (-46.35865 -23.512029)
Faculdade_7.507.568,Privada,Centro Universitário Uni-ban,Rua,R Maria Cândida 1789 Nova Sede Uni-ban,Vila Isolina Mazzei,02071013,Faculdade,-23.779579,-45.358564,POINT (-45.358564 -23.779579)
Faculdade_7.507.650,Privada,Faculdade Alvorada,Rua,R da Glória 195 Faculdade Damásio,Praça João Mendes,01510000,Faculdade,-23.454173,-46.551147,POINT (-46.551147 -23.454173)
Farmacia_10.100.711,Drogarias Ultra Popular,Drogaria Largo do Paissandu LTDA - ME,Rua,"Largo do Paissandu, 40",Centro,01034010,Farmacia,-23.469317,-46.53086,POINT (-46.53086 -23.469317)
Farmacia_10.100.740,Drogarias Ultra Popular,Drogaria Ultrapopular Santa Cecilia LTDA,Rua,"R das Palmeiras, 67",Vila Buarque,01226010,Farmacia,-23.477701,-46.538094,POINT (-46.538094 -23.477701)
Farmacia_11.095.202,Farmácias Pague Menos,Farmacia Pague Menos,Rua,Estr. do Campo Limpo,Vila Pirajussara,05787000,Farmacia,-23.665478,-46.799895,POINT (-46.799895 -23.665478)
Farmacia_11.095.204,Maxifarma,Drogaria Maxifarma,Rua,Rua Vilfredo Pareto,Jardim Horizonte Azul,04963115,Farmacia,-23.750564,-46.778303,POINT (-46.778303 -23.750564)
Farmacia_11.095.205,Ultrafarma Popular,Ultrafarma Cupece,Rua,Av. Cupecê,Jardim Prudência,04366000,Farmacia,-23.652387,-46.533937,POINT (-46.533937 -23.652387)
Farmacia_11.095.206,Drogaria Sp,Drogaria Sao Paulo,Rua,Av. Santa Inês,Vila Pedra Branca,02631010,Farmacia,-20.53751,-47.40203,POINT (-47.40203 -20.53751)
Farmacia_11.095.207,Drogaria Sp,Drogaria Sao Paulo,Rua,R. das Palmeiras,Vila Buarque,01226011,Farmacia,-23.134255,-46.469639,POINT (-46.469639 -23.134255)
Farmacia_11.095.210,Droga Raia,Droga Raia,Rua,R. Barão de Melgaço,Real Parque,05684030,Farmacia,-24.061125,-46.559202,POINT (-46.559202 -24.061125)
Farmacia_11.095.225,Poupafarma,Poupafarma,Rua,Av. Santa Catarina,Vila Santa Catarina,04378400,Farmacia,-23.39396935,-49.51227955060724,POINT (-49.51227955060724 -23.39396935)
Farmacia_11.095.232,Ultrafarma Popular,Ultrafarma Jardim Prudencia,Rua,Av. Cupecê,Jardim Prudência,04366000,Farmacia,-23.652387,-46.533937,POINT (-46.533937 -23.652387)
Farmacia_11.101.109,Ultrafarma Popular,Ultrafarma Popular Unidade Chacara Santo Antonio,Rua,R. da Paz,Chácara Santo Antônio,04713002,Farmacia,-23.641703,-46.57402,POINT (-46.57402 -23.641703)
Farmacia_11.101.113,Droga Raia,Droga Raia,Rua,R. Américo Brasiliense,Alto da Boa Vista,04715003,Farmacia,-21.18064355533636,-47.80529123345617,POINT (-47.80529123345617 -21.18064355533636)
Farmacia_11.101.115,Farmácias Pague Menos,Farmacia Pague Menos,Rua,R. Clélia,Água Branca,05042000,Farmacia,-22.751938,-47.629119,POINT (-47.629119 -22.751938)
Farmacia_11.101.131,Drogasil,Drogasil,Rua,Avenida Raposo Tavares,Jardim Olympia,05577200,Farmacia,-23.586236,-46.811597,POINT (-46.811597 -23.586236)
Farmacia_11.101.141,Farmácias Pague Menos,Farmacia Pague Menos,Rua,R. Clodomiro Amazonas,Vila Nova Conceição,04537002,Farmacia,-23.895597,-46.425581,POINT (-46.425581 -23.895597)
Farmacia_11.101.144,Drogaria Sp,Drogaria Sao Paulo,Rua,Est M'boi Mirim,Jardim das Flores,04905000,Farmacia,-23.536505,-46.79336,POINT (-46.79336 -23.536505)
Farmacia_11.101.152,Drogaria Sp,Drogaria Sao Paulo,Rua,Av. Cupecê,Jardim Prudência,04366001,Farmacia,-23.652387,-46.533937,POINT (-46.533937 -23.652387)
Farmacia_11.101.154,Ultrafarma Popular,Ultrafarma Popular Jd Comercial,Rua,Estr. de Itapecerica,Jardim Comercial,05858003,Farmacia,-23.652387,-46.533937,POINT (-46.533937 -23.652387)
Farmacia_11.101.158,Drogaria Sp,Drogaria Sao Paulo,Rua,R. Américo Brasiliense,Chácara Santo Antônio,04715004,Farmacia,-23.614705,-46.565578,POINT (-46.565578 -23.614705)
Farmacia_11.101.159,Ultrafarma Popular,Ultrafarma Popular Jd Colorado,Rua,Av. da Barreira Grande,Jardim Colorado,03385100,Farmacia,-23.652387,-46.533937,POINT (-46.533937 -23.652387)
Farmacia_11.101.163,Drogasil,Drogasil,Rua,Av. Atlântica,Jardim Guarapiranga,04772004,Farmacia,-23.652387,-46.533937,POINT (-46.533937 -23.652387)
Farmacia_11.101.174,Drogasil,Drogasil,Rua,Av. Cruzeiro do Sul,Rochdale,06226006,Farmacia,-23.50978000202197,-46.77777218851296,POINT (-46.77777218851296 -23.50978000202197)
Farmacia_11.101.191,Drogasil,Drogasil,Rua,Av. Aricanduva,Jardim Santa Tereza,03527900,Farmacia,-23.649784,-46.805503,POINT (-46.805503 -23.649784)
Farmacia_11.101.203,Drogaria Sp,Drogaria Sao Paulo,Rua,R. Clodomiro Amazonas,Vila Nova Conceição,04537012,Farmacia,-23.895597,-46.425581,POINT (-46.425581 -23.895597)
Farmacia_11.101.219,Ultrafarma Popular,Ultrafarma Popular Jardim Guairaca,Rua,Av. do Oratório,Jardim Guairaca,03220200,Farmacia,-23.652387,-46.533937,POINT (-46.533937 -23.652387)
Farmacia_11.101.220,Drogaria Sp,Drogaria Sao Paulo,Rua,R. Júlio de Castilhos,Belenzinho,03057040,Farmacia,-23.465079,-46.472595,POINT (-46.472595 -23.465079)
Farmacia_11.101.224,Ultrafarma Popular,Ultrafarma Popular Moenda Velha,Rua,Av. da Moenda Velha,Parque Independencia,05880330,Farmacia,-23.69854,-46.579792,POINT (-46.579792 -23.69854)
Farmacia_11.101.242,Drogasil,Drogasil,Rua,Av. do Oratório,Vila Independencia,03220000,Farmacia,-22.728343,-47.635612,POINT (-47.635612 -22.728343)
Farmacia_11.101.255,Poupafarma,Poupafarma,Rua,Av. dos Remédios,Vila Santa Edwiges,05107001,Farmacia,-22.773612,-45.199056,POINT (-45.199056 -22.773612)
Farmacia_11.101.261,Drogasil,Drogasil,Rua,R. Júlio de Castilhos,Belenzinho,03059005,Farmacia,-23.465079,-46.472595,POINT (-46.472595 -23.465079)
Farmacia_11.101.266,Farma Conde,Farma Conde Av Parada Pinto,Rua,Av. Parada Pinto,Vila Nova Cachoeirinha,02442080,Farmacia,-23.895597,-46.425581,POINT (-46.425581 -23.895597)
Farmacia_11.101.279,Drogaria Sp,Drogaria Sao Paulo,Rua,Av. Cupecê,Jardim Prudência,04365001,Farmacia,-23.652387,-46.533937,POINT (-46.533937 -23.652387)
Farmacia_11.101.285,ExtraFarma,Extrafarma,Rua,Av. Francisco Falconi,Jardim Avelino,03227000,Farmacia,-23.652387,-46.533937,POINT (-46.533937 -23.652387)
Farmacia_11.101.287,Drogasil,Drogasil,Rua,Av. Parada Pinto,Vila Nova Cachoeirinha,02611002,Farmacia,-23.895597,-46.425581,POINT (-46.425581 -23.895597)
Farmacia_11.101.316,Drogaria Sp,Drogaria Sao Paulo,Rua,Av Sapopemba 11727 Saloes 01 e 02 Terreo,Jardim Adutora,03989010,Farmacia,-23.652387,-46.533937,POINT (-46.533937 -23.652387)
Farmacia_11.101.329,Droga Raia,Droga Raia,Rua,Rua Hélade,Vila Mascote,05582000,Farmacia,-23.779579,-45.358564,POINT (-45.358564 -23.779579)
Farmacia_11.101.331,Drogasil,Drogasil,Rua,Estrada de Itapecerica,Vila Maracana,05835005,Farmacia,-23.164859,-46.627972,POINT (-46.627972 -23.164859)
Farmacia_11.101.334,Drogaria Sp,Drogaria Sao Paulo,Rua,Av. Conceição,Vila Paiva,02072002,Farmacia,-23.148619806863348,-45.91120826174804,POINT (-45.91120826174804 -23.148619806863348)
Farmacia_11.101.348,Bifarma,Drogaria Bifarma,Rua,Av. das Nações Unidas,Vila Almeida,04795100,Farmacia,-23.779579,-45.358564,POINT (-45.358564 -23.779579)
Farmacia_11.101.353,Drogaria Sp,Drogaria Sao Paulo,Rua,Estr. de Itapecerica,Jardim Vista Linda,05858000,Farmacia,47.550305,9.692203,POINT (9.692203 47.550305)
Farmacia_11.101.354,Drogasil,Drogasil,Rua,Av. dos Nacionalistas,Jardim Tango,03901010,Farmacia,-23.652387,-46.533937,POINT (-46.533937 -23.652387)
Farmacia_11.101.363,Drogasil,Drogasil,Rua,Av. Cupecê,Jardim Prudência,04366000,Farmacia,-23.652387,-46.533937,POINT (-46.533937 -23.652387)
Farmacia_11.101.375,Drogaria Sp,Drogaria Sao Paulo,Rua,R. Costa Barros,Sítio Pinheirinho,03210001,Farmacia,-23.436673,-46.300431,POINT (-46.300431 -23.436673)
Farmacia_11.101.387,Nissei,Farmacias Nissei,Rua,Av. dos Remédios,Vila Santa Edwiges,05107001,Farmacia,-22.773612,-45.199056,POINT (-45.199056 -22.773612)
Farmacia_11.101.396,Farma Conde,Farma Conde,Rua,Parque Fernanda,Parque Fernanda,05889350,Farmacia,-33.635329,-70.573105,POINT (-70.573105 -33.635329)
Farmacia_11.101.399,Drogaria Sp,Drogaria Sao Paulo,Rua,R. Clélia,Água Branca,05042000,Farmacia,-22.751938,-47.629119,POINT (-47.629119 -22.751938)
Farmacia_11.101.407,Drogaria Sp,Drogaria Sao Paulo,Rua,Av. Santa Catarina,Vila Santa Catarina,04378300,Farmacia,-23.39396935,-49.51227955060724,POINT (-49.51227955060724 -23.39396935)
Farmacia_11.101.416,Bifarma,Drogarias Bifarma,Rua,R. Parapuã,Itaberaba,02831001,Farmacia,-23.679241,-46.627012,POINT (-46.627012 -23.679241)
Farmacia_11.101.459,Farma Conde,Farma Conde,Rua,Av. Sapopemba,Jardim Adutora,03988010,Farmacia,-23.620798,-46.513838,POINT (-46.513838 -23.620798)
Farmacia_11.101.461,Drogaria Sp,Drogaria Sao Paulo,Rua,Av. Pires do Rio,Vila Americana,08020000,Farmacia,-22.738712,-47.330784,POINT (-47.330784 -22.738712)
Farmacia_11.101.471,Drogaria Sp,Drogaria Sao Paulo,Rua,Av. Parada Pinto,Vila Nova Cachoeirinha,02611002,Farmacia,-23.895597,-46.425581,POINT (-46.425581 -23.895597)
Farmacia_11.101.474,Farmácias Pague Menos,Farmacia Pague Menos,Rua,Rua Alexandre Dumas,Jardim Hipico,04717003,Farmacia,-23.652387,-46.533937,POINT (-46.533937 -23.652387)
Farmacia_11.101.492,Drogaria Sp,Drogaria Sao Paulo,Rua,Estr. do Campo Limpo,Vila Prel,05777000,Farmacia,-22.109489,-49.070391,POINT (-49.070391 -22.109489)
Farmacia_11.101.501,Ultrafarma Popular,Ultrafarma Popular Jardim Grimaldi,Rua,Av. Sapopemba,Jardim Grimaldi,03988000,Farmacia,-23.620798,-46.513838,POINT (-46.513838 -23.620798)
Farmacia_11.101.505,Drogasil,Drogasil Jardim Mimar,Rua,Av. do Oratório,Jardim Angela (zona Leste),03221300,Farmacia,-23.680441,-46.803882,POINT (-46.803882 -23.680441)
Farmacia_11.101.513,Ultrafarma Popular,Ultrafarma Popular,Rua,Rua Itajuíbe,Jardim Nélia,08142000,Farmacia,-23.433154,-46.426771,POINT (-46.426771 -23.433154)
Farmacia_11.101.514,Droga Raia,Droga Raia,Rua,Av. Benedito Andrade,Jardim Sao Jose,02936000,Farmacia,-22.921308117352755,-45.44271200602805,POINT (-45.44271200602805 -22.921308117352755)
Farmacia_11.101.517,Drogaria Sp,Drogaria Sao Paulo,Rua,Av. Atlântica,Jardim Tres Marias,04772003,Farmacia,-23.689684605334257,-46.55341997314051,POINT (-46.55341997314051 -23.689684605334257)
Farmacia_11.101.518,Bifarma,Drogaria Bifarma Pedra Branca,Rua,Av. Santa Inês,Vila Pedra Branca,02631000,Farmacia,-20.53751,-47.40203,POINT (-47.40203 -20.53751)
Farmacia_11.101.522,Bifarma,Drogarias Bifarma,Rua,Av. Adélia Chohfi,Jardim Vera Cruz(zona Leste),08320390,Farmacia,-23.652387,-46.533937,POINT (-46.533937 -23.652387)
Farmacia_11.101.527,Drogaria Sp,Drogaria Sao Paulo,Rua,Rod. Raposo Tavares,Jardim Boa Vista (zona Oeste),05576200,Farmacia,-23.586236,-46.811597,POINT (-46.811597 -23.586236)
Farmacia_11.101.564,Droga Raia,Droga Raia,Rua,Av. Washington Luís,Vila Congonhas,04626911,Farmacia,-23.779579,-45.358564,POINT (-45.358564 -23.779579)
Farmacia_11.101.573,Drogasil,Drogasil,Rua,Av. do Oratório,Jardim Guairaca,03221300,Farmacia,-23.652387,-46.533937,POINT (-46.533937 -23.652387)
Farmacia_11.101.574,Pacheco,Engenheira Civil Jocastra Pacheco,Rua,,Parque Interlagos,,Farmacia,-22.058491,-46.9814,POINT (-46.9814 -22.058491)
Farmacia_11.101.585,Ultrafarma Popular,Ultrafarma Popular Estdo Alvarenga,Rua,Estr. do Alvarenga,Balneário São Francisco,04474340,Farmacia,-23.661074,-46.820136,POINT (-46.820136 -23.661074)
Farmacia_11.101.619,Drogaria Sp,Drogaria Sao Paulo,Rua,Av. das Nações Unidas,Vila Almeida,04795921,Farmacia,-23.779579,-45.358564,POINT (-45.358564 -23.779579)
Farmacia_11.101.648,Drogasil,Drogasil,Rua,Av. Santa Marina,Vila Albertina,02732040,Farmacia,41.049183,15.022306,POINT (15.022306 41.049183)
Farmacia_11.101.650,Drogaria Sp,Drogaria Sao Paulo,Rua,R. Domingos de Morais,Santa Cruz,04036100,Farmacia,-22.941983,-46.552503,POINT (-46.552503 -22.941983)
Farmacia_11.101.675,Farma Conde,Farma Conde,Rua,Estr. do Embu-guaçu,Parque Universitario Espirita,04960010,Farmacia,-23.769255,-46.791046,POINT (-46.791046 -23.769255)
Farmacia_11.101.680,Drogaria Sp,Drogaria Sao Paulo,Rua,R. Descampado,Vila Vera,04296090,Farmacia,-23.779579,-45.358564,POINT (-45.358564 -23.779579)
Farmacia_11.101.688,Farmácias Pague Menos,Farmacia Pague Menos,Rua,R. Júlio de Castilhos,Belenzinho,04208001,Farmacia,-23.465079,-46.472595,POINT (-46.472595 -23.465079)
Farmacia_11.101.698,Drogasil,Drogasil,Rua,R. Maciel Monteiro,Vila Santa Teresa,03566000,Farmacia,-23.649784,-46.805503,POINT (-46.805503 -23.649784)
Farmacia_11.101.714,Ultrafarma Popular,Drogaria Ultrafarma Popular Jardim Rosana,Rua,Av. Carlos Lacerda,Jardim Rosana,05789001,Farmacia,-23.652387,-46.533937,POINT (-46.533937 -23.652387)
Farmacia_11.101.718,Farmácias Pague Menos,Farmacia Pague Menos,Rua,Largo Nossa Sra. do Bom Parto,Vila Gomes Cardim,03309000,Farmacia,-23.673309,-45.438799,POINT (-45.438799 -23.673309)
Farmacia_11.101.720,Drogaria Sp,Drogaria Sao Paulo,Rua,Av. Morumbi,Jardim das Acacias,04703002,Farmacia,-20.940825,-48.459159,POINT (-48.459159 -20.940825)
Farmacia_11.101.722,Ultrafarma Popular,Ultrafarma Popular Freguesia,Rua,Av. Santa Marina,Vila Albertina,02732040,Farmacia,41.049183,15.022306,POINT (15.022306 41.049183)
Farmacia_11.101.745,Drogaria Sp,Drogaria Sao Paulo,Rua,R. Parapuã,Itaberaba,02831000,Farmacia,-23.679241,-46.627012,POINT (-46.627012 -23.679241)
Farmacia_11.101.758,Farmácias Pague Menos,Farmacia Pague Menos,Rua,Rua Alexandre Dumas,Jardim Hipico,04717003,Farmacia,-23.652387,-46.533937,POINT (-46.533937 -23.652387)
Farmacia_11.101.759,Drogaria Sp,Drogaria Sao Paulo,Rua,Av. dos Jequitibás,Jardim Oriental,04321090,Farmacia,-23.652387,-46.533937,POINT (-46.533937 -23.652387)
Farmacia_11.101.781,Ultrafarma Popular,Ultrafarma Popular Unidade Campo Limpo,Rua,Estr. do Campo Limpo,Vila Pirajussara,05787000,Farmacia,-23.665478,-46.799895,POINT (-46.799895 -23.665478)
Farmacia_11.101.794,Ultrafarma Popular,Ultrafarma Popular Jardim Casa Grande,Rua,Av. Sen. Teotônio Vilela,Jardim Casa Grande,04858002,Farmacia,-23.699525,-46.596705,POINT (-46.596705 -23.699525)
Farmacia_11.101.798,Ultrafarma Popular,Ultrafarma,Rua,R. Boturoca,Vila Indiana,05586010,Farmacia,-22.175115,-51.251638,POINT (-51.251638 -22.175115)
Farmacia_11.101.806,Ultrafarma Popular,Ultrafarma Unidade Itaquera,Rua,Av. Campanella,Jardim Itapemirim,08220830,Farmacia,-23.652387,-46.533937,POINT (-46.533937 -23.652387)
Farmacia_11.101.810,Drogasil,Drogasil,Rua,R. Barão de Itapetininga,Centro,01042000,Farmacia,-23.325651,-46.734267,POINT (-46.734267 -23.325651)
Farmacia_11.101.822,Droga Raia,Droga Raia,Rua,Rua Correggio,Vila Suzana,05630020,Farmacia,-23.541792,-46.310979,POINT (-46.310979 -23.541792)
Farmacia_11.101.849,Nissei,Farmacias Nissei,Rua,Av. dos Jequitibás,Jardim Oriental,04321090,Farmacia,-23.652387,-46.533937,POINT (-46.533937 -23.652387)
Farmacia_11.101.851,Drogasil,Drogasil,Rua,Vila Nova Mazzei,Vila Nova Mazzei,02306002,Farmacia,-22.109489,-49.070391,POINT (-49.070391 -22.109489)
Farmacia_11.101.857,Drogasil,Drogasil,Rua,Av. Itaquera,Jardim Santa Maria,03526000,Farmacia,-23.634216,-46.840634,POINT (-46.840634 -23.634216)
Farmacia_11.101.862,Drogasil,Drogasil,Rua,Rua Alexandre Dumas,Chácara Santo Antônio (zona Sul),04717001,Farmacia,-23.618596,-46.573278,POINT (-46.573278 -23.618596)
Farmacia_11.101.863,Drogasil,Drogasil,Rua,Av. das Nações Unidas,Vila Gertrudes,04794000,Farmacia,-23.779579,-45.358564,POINT (-45.358564 -23.779579)
Farmacia_11.101.872,Drogasil,Drogasil,Rua,R. Parapuã,Itaberaba,02831000,Farmacia,-23.679241,-46.627012,POINT (-46.627012 -23.679241)
Farmacia_11.101.874,Drogaria Sp,Drogaria Sao Paulo,Rua,Av. Sapopemba,Vila Fatima,03988010,Farmacia,-22.690034,-47.656408,POINT (-47.656408 -22.690034)
Farmacia_11.101.876,Drogaria Sp,Drogaria Sao Paulo,Rua,Av. Pires do Rio,Jardim Sao Sebastiao,08041000,Farmacia,-23.61925175,-45.42902405,POINT (-45.42902405 -23.61925175)
Farmacia_11.101.907,Drogasil,Drogasil,Rua,Av. Corifeu de Azevedo Marques,Vila Lageado,05339000,Farmacia,-23.601496,-46.757819,POINT (-46.757819 -23.601496)
Farmacia_11.101.923,Drogasil,Drogasil,Rua,Av. Pires do Rio,Vila Americana,08020000,Farmacia,-22.738712,-47.330784,POINT (-47.330784 -22.738712)
Farmacia_11.101.925,Droga Raia,Droga Raia,Rua,Av. Francisco Matarazzo,A Branca,05001000,Farmacia,-23.633018,-46.515757,POINT (-46.515757 -23.633018)
Farmacia_11.101.939,Bifarma,Bifarma Paulistano,Rua,R. Padre Achilles Silvestre,Jardim Paulistano (zona Norte),02812000,Farmacia,-23.652387,-46.533937,POINT (-46.533937 -23.652387)
Farmacia_11.101.946,Panvel,Panvel Farmacias,Rua,Av. das Nações Unidas,Vila Gertrudes,04794905,Farmacia,-23.779579,-45.358564,POINT (-45.358564 -23.779579)
Farmacia_11.101.952,Drogasil,Drogasil,Rua,Av. Conceição,Vila Paiva,02072002,Farmacia,-23.148619806863348,-45.91120826174804,POINT (-45.91120826174804 -23.148619806863348)
Farmacia_11.101.959,Ultrafarma Popular,Ultrafarma Taquari,Rua,Rua Taquari,Belenzinho,03166001,Farmacia,-23.66252,-46.61706,POINT (-46.61706 -23.66252)
Farmacia_11.101.960,Drogasil,Drogasil,Rua,Av. Raposo Tavares,Jardim Cambara,05576200,Farmacia,-23.533088925090272,-47.142799851470606,POINT (-47.142799851470606 -23.533088925090272)
Farmacia_11.101.967,Drogaria Sp,Drogaria Sao Paulo,Rua,Av. São Miguel,Jardim Cotinha,03870100,Farmacia,-23.652387,-46.533937,POINT (-46.533937 -23.652387)
Farmacia_11.101.990,Farmácias Pague Menos,Farmacia Pague Menos,Rua,Av. Sapopemba,Jardim Adutora,03988000,Farmacia,-23.620798,-46.513838,POINT (-46.513838 -23.620798)
Farmacia_11.102.002,Drogaria Sp,Drogaria Sao Paulo,Rua,Av. Santa Marina,Vila Albertina,02732040,Farmacia,41.049183,15.022306,POINT (15.022306 41.049183)
Farmacia_11.102.008,Ultrafarma Popular,Ultrafarma Popular Jd Pedra Branca,Rua,Estr. Iguatemi,Jardim Pedra Branca,08490500,Farmacia,-23.113974,-48.612917,POINT (-48.612917 -23.113974)
Farmacia_11.102.022,Drogasil,Drogasil,Rua,R. Teresina,Vila Bertioga,03158010,Farmacia,-23.848528,-46.137482,POINT (-46.137482 -23.848528)
Farmacia_11.102.031,Ultrafarma Popular,Ultrafarma Vila Americana,Rua,Av. Pires do Rio,Vila Americana,08020000,Farmacia,-22.738712,-47.330784,POINT (-47.330784 -22.738712)
Farmacia_11.102.041,Drogaria Sp,Drogaria Sao Paulo,Rua,Av. Inconfidência Mineira,Vila Rica,03911000,Farmacia,-23.713904955669733,-46.50375413886464,POINT (-46.50375413886464 -23.713904955669733)
Farmacia_11.102.046,Drogaria Sp,Centro de Distribuicao Drogaria Sao Paulo,Rua,Viaduto Procurador Silvio de Ulhôa Cintra,Viaduto Procurador Silvio de Ulhôa Cintra,,Farmacia,-23.593138,-46.807095,POINT (-46.807095 -23.593138)
Farmacia_11.102.058,Droga Raia,Droga Raia,Rua,R. Joaquim Nabuco,Brooklin,04621001,Farmacia,-23.617752,-46.574559,POINT (-46.574559 -23.617752)
Farmacia_11.102.065,Ultrafarma Popular,Ultrafarma,Rua,R. das Margaridas,Jardim das Acacias,04704040,Farmacia,-20.940825,-48.459159,POINT (-48.459159 -20.940825)
Farmacia_11.102.072,Drogasil,Drogasil,Rua,Av. Manuel Pímentel,Jardim Planalto,03983020,Farmacia,-23.652387,-46.533937,POINT (-46.533937 -23.652387)
Farmacia_11.102.074,Drogasil,Drogasil,Rua,Rua Borba Gato,Granja Julieta,04743050,Farmacia,-22.268747,-50.545328,POINT (-50.545328 -22.268747)
Farmacia_11.102.078,Drogaria Sp,Drogaria Sao Paulo,Rua,Av. das Nações Unidas,Vila Cordeiro,04578000,Farmacia,-23.779579,-45.358564,POINT (-45.358564 -23.779579)
Farmacia_2.237.489,Farmais,Parada Xv,Rua,R Margarida Cristina Baumann 13,Jd Sao Vicente,08245490,Farmacia,-23.969767,-46.408334,POINT (-46.408334 -23.969767)
Farmacia_3.172.608,Farmais,Parque Novo Mundo,Rua,Pça Novo Mundo 164,Parque Novo Mundo,02185000,Farmacia,-21.726115,-41.312377,POINT (-41.312377 -21.726115)
Farmacia_4.284.174,Farmais,Sp Market,Shopping Center,Av das Nações Unidas 22540,Vl. Almeida,04795000,Farmacia,-23.779579,-45.358564,POINT (-45.358564 -23.779579)
Farmacia_7.048.892,Farmais,Farmais Jardim São Paulo IV,Rua,Estr. Estrada Iguatemi 2811,Jardim Pedra Branca,8485580,Farmacia,-23.113974,-48.612917,POINT (-48.612917 -23.113974)
Farmacia_7.048.894,Farmais,Farmais Morro Doce II,Rua,R. Rua Leopoldo de Passos Lima 108,Jardim Santa Fé,5271000,Farmacia,-23.474222,-46.782441,POINT (-46.782441 -23.474222)
Fast Food_10983188,Gendai,Gendai,Rua,Avenida Roque Petroni Júnior,Chácara Santo Antônio (zona Sul),04707000,Fast Food,-23.618596,-46.573278,POINT (-46.573278 -23.618596)
Fast Food_10983225,Pizza Hut,Pizza Hut Shopping SP Market Pizzaria Sobremesas Bebidas Sao Paulo,Rua,Av. das Nações Unidas,Jurubatuba,04295030,Fast Food,-23.5247,-46.758439,POINT (-46.758439 -23.5247)
Fast Food_10983703,Kfc,Kfc,Rua,Av. Francisco Matarazzo,Água Branca,05003100,Fast Food,-22.751938,-47.629119,POINT (-47.629119 -22.751938)
Fast Food_10984076,Burger King,Burger King,Rua,Estr. de Itapecerica,Vila Prel,05849440,Fast Food,-23.779579,-45.358564,POINT (-45.358564 -23.779579)
Fast Food_10984252,Gendai,Gendai,Rua,Av. do Anastácio,City América,05119000,Fast Food,-22.959421,-46.544639,POINT (-46.544639 -22.959421)
Fast Food_10984260,Subway,Subway,Rua,Av. Antártica,Água Branca,05003020,Fast Food,-22.73634,-47.600326,POINT (-47.600326 -22.73634)
Fast Food_10984398,Mcdonald´s,Mcdonalds,Rua,Av. Ragueb Chohfi,Jardim Três Marias,08340000,Fast Food,-20.960386,-48.489801,POINT (-48.489801 -20.960386)
Fast Food_10984464,Bob´s,Bobs Burgers,Rua,Av. Interlagos,Jardim Umuarama,04661200,Fast Food,-23.652387,-46.533937,POINT (-46.533937 -23.652387)
Fast Food_10984692,China In Box,China In Box,Rua,Av. Satélite,Cidade Satelite Santa Barbara,03989010,Fast Food,10.024494,-84.124184,POINT (-84.124184 10.024494)
Fast Food_10984868,Griletto,Griletto Shopping Campo Limpo,Rua,Estr. do Campo Limpo,Vila Prel,05777001,Fast Food,-22.109489,-49.070391,POINT (-49.070391 -22.109489)
Fast Food_10985146,Spoleto,Spoleto,Rua,Av. das Nações Unidas,Boçava,05477000,Fast Food,-23.5247,-46.758439,POINT (-46.758439 -23.5247)
Fast Food_10985436,Ragazzo,Novo Ragazzo,Rua,Av. Interlagos,Jardim Umuarama,04661200,Fast Food,-23.652387,-46.533937,POINT (-46.533937 -23.652387)
Fast Food_10985963,Kfc,Kfc,Rua,Estr. do Campo Limpo,Vila Prel,05777001,Fast Food,-22.109489,-49.070391,POINT (-49.070391 -22.109489)
Fast Food_10985964,Boali,Boali Shopping Analia Franco,Rua,Avenida Regente Feijó,Vila Reg. Feijó,03342900,Fast Food,-22.219178,-51.303898,POINT (-51.303898 -22.219178)
Fast Food_10986271,Mcdonald´s,Mcdonalds,Rua,Av. João Dias,Vila Cruzeiro,04724001,Fast Food,-20.946163,-48.493428,POINT (-48.493428 -20.946163)
Fast Food_10986292,Popeyes Louisiana Kitchen,Popeyes Louisiana Kitchen,Rua,Estr. do Campo Limpo,Vila das Belezas,05777001,Fast Food,-23.472259,-46.308702,POINT (-46.308702 -23.472259)
Fast Food_10986456,Gendai,Gendai,Rua,Av. Francisco Matarazzo,Água Branca,05003020,Fast Food,-22.751938,-47.629119,POINT (-47.629119 -22.751938)
Fast Food_10986960,Griletto,Griletto,Rua,Av. das Nações Unidas,Jurubatuba,04295030,Fast Food,-23.5247,-46.758439,POINT (-46.758439 -23.5247)
Fast Food_10987296,Vivenda do Camarão,Vivenda do Camarao,Rua,Av. Francisco Matarazzo,Água Branca,05003100,Fast Food,-22.751938,-47.629119,POINT (-47.629119 -22.751938)
Fast Food_10987429,Ragazzo,Ragazzo,Rua,R. Des. Eliseu Guilherme,Paraíso,04000030,Fast Food,-20.171852,-49.968848,POINT (-49.968848 -20.171852)
Fast Food_10987875,Spoleto,Spoleto,Rua,Av. Dr. Francisco Mesquita,Jardim Ibitirama,03153001,Fast Food,-23.652387,-46.533937,POINT (-46.533937 -23.652387)
Fast Food_10987983,Subway,Subway,Rua,Estr. de Itapecerica,Jardim Amalia,05858001,Fast Food,-23.652387,-46.533937,POINT (-46.533937 -23.652387)
Fast Food_10988053,Mcdonald´s,Mcdonalds,Rua,Av. Sapopemba,Jardim Adutora,03989000,Fast Food,-23.620798,-46.513838,POINT (-46.513838 -23.620798)
Fast Food_10988195,Jin Jin Wok,Jin Jin Wok,Rua,Av. Francisco Matarazzo,Água Branca,05003100,Fast Food,-22.751938,-47.629119,POINT (-47.629119 -22.751938)
Fast Food_10988209,Pizza Hut,Pizza Hut Shopping Paulista Pizzaria Sobremesas Bebidas em Sao Paulo,Rua,R. Treze de Maio,Cantinho do Céu,04849650,Fast Food,-20.207193,-40.272925,POINT (-40.272925 -20.207193)
Fast Food_10988582,Habib´s,Habibs,Rua,Av. Satélite,Cidade Satelite Santa Barbara,08330480,Fast Food,10.024494,-84.124184,POINT (-84.124184 10.024494)
Fast Food_10988659,Burger King,Burger King Shopping Campo Limpo,Rua,Estr. do Campo Limpo,Vila Prel,05777001,Fast Food,-22.109489,-49.070391,POINT (-49.070391 -22.109489)
Fast Food_10988944,Burger King,Burger King Drive Thru,Rua,Av. Ragueb Chohfi,Jardim Três Marias,08340001,Fast Food,-20.960386,-48.489801,POINT (-48.489801 -20.960386)
Fast Food_10989039,Subway,Subway,Rua,Jardim Cláudia,Jardim Cláudia,05577200,Fast Food,-23.73052345,-46.57617757640044,POINT (-46.57617757640044 -23.73052345)
Fast Food_10989387,Subway,Subway,Rua,Av. das Nacoes Unidas,Vila Almeida,04795000,Fast Food,-23.779579,-45.358564,POINT (-45.358564 -23.779579)
Fast Food_10989550,Mcdonald´s,Mcdonalds,Rua,R. Costa Barros,Sítio Pinheirinho,03210001,Fast Food,-23.436673,-46.300431,POINT (-46.300431 -23.436673)
Fast Food_10989651,Giraffas,Giraffas,Rua,Av. das Nações Unidas,Vila Almeida,04795000,Fast Food,-23.779579,-45.358564,POINT (-45.358564 -23.779579)
Fast Food_10989653,Mcdonald´s,Mcdonalds,Rua,R. Princesa Isabel,Cidade Monções,04601001,Fast Food,-23.636115,-46.580614,POINT (-46.580614 -23.636115)
Fast Food_10989838,Mcdonald´s,Mcdonalds,Rua,Rod. Fernão Dias,Tres Cruzes,02284000,Fast Food,-23.615555,-47.154672,POINT (-47.154672 -23.615555)
Fast Food_10989969,Mcdonald´s,Mcdonalds,Rua,Rua Guamiranga,Vila Independencia,04220020,Fast Food,-23.69854,-46.579792,POINT (-46.579792 -23.69854)
Fast Food_10990271,Bob´s,Bobs,Rua,Av. Francisco Matarazzo,Água Branca,05001000,Fast Food,-22.751938,-47.629119,POINT (-47.629119 -22.751938)
Fast Food_10990866,Habib´s,Habibs,Rua,Av. Itaberaba,Vila Nova Cachoeirinha,02739000,Fast Food,-23.895597,-46.425581,POINT (-46.425581 -23.895597)
Fast Food_10990940,Pizza Hut,Pizza Hut Chacara Santo Antonio Pizzaria Delivery em Sao Paulo SP,Rua,R. Américo Brasiliense,Chácara Santo Antônio (zona Sul),04715003,Fast Food,-23.618596,-46.573278,POINT (-46.573278 -23.618596)
Fast Food_10991053,Burger King,Burger King Shopping Dd,Rua,Av. das Nações Unidas,Cidade Monções,04578903,Fast Food,-23.5247,-46.758439,POINT (-46.758439 -23.5247)
Fast Food_10991121,Mania de Churrasco,Mania de Churrasco Prime Steak Burger,Rua,Av. das Nações Unidas,Cidade Monções,04578903,Fast Food,-23.5247,-46.758439,POINT (-46.758439 -23.5247)
Fast Food_10991169,Griletto,Griletto,Rua,Av. Cruzeiro do Sul,Tietê,02130050,Fast Food,-23.102337,-47.71315,POINT (-47.71315 -23.102337)
Fast Food_10991170,Vivenda do Camarão,Vivenda do Camarao,Rua,Avenida Aricanduva 5555 Arco Ff Loja 13,Jardim Santa Terezinha (zona Leste,03527908,Fast Food,-22.382244,-49.759791,POINT (-49.759791 -22.382244)
Fast Food_10991294,Burger King,Burger King Shopping West Plaza,Rua,Av. Antártica,Água Branca,05003020,Fast Food,-22.73634,-47.600326,POINT (-47.600326 -22.73634)
Fast Food_10991494,Popeyes Louisiana Kitchen,Popeyes Louisiana Kitchen,Rua,Av. Interlagos,Jardim Umuarama,04661200,Fast Food,-23.652387,-46.533937,POINT (-46.533937 -23.652387)
Fast Food_10991623,Ragazzo,Ragazzo,Rua,R. São Gonçalo do Abaeté,Parque Tiete,02870000,Fast Food,-23.438713,-46.528094,POINT (-46.528094 -23.438713)
Fast Food_10991985,Giraffas,Giraffas,Rua,Av. Francisco Matarazzo,Água Branca,05003020,Fast Food,-22.751938,-47.629119,POINT (-47.629119 -22.751938)
Fast Food_10992174,Subway,Subway,Rua,Av. do Oratório,Jardim Guairaca,03221200,Fast Food,-23.652387,-46.533937,POINT (-46.533937 -23.652387)
Fast Food_10992252,Boali,Boali Barra Funda,Rua,Avenida Francisco Matarazzo 1350 Bloco B Loja Boali,Água Branca,05001100,Fast Food,-22.751938,-47.629119,POINT (-47.629119 -22.751938)
Fast Food_10992439,Spoleto,Spoleto,Rua,Av. Aricanduva,Jardim Marília,03527900,Fast Food,-23.652387,-46.533937,POINT (-46.533937 -23.652387)
Fast Food_10992649,Gendai,Restaurante Japones Gendai,Rua,Av. das Nações Unidas,Jurubatuba,04295030,Fast Food,-23.5247,-46.758439,POINT (-46.758439 -23.5247)
Fast Food_10992781,Burger King,Burger King Drive Thru,Rua,Av. dos Bandeirantes,Parque Colonial,04071000,Fast Food,-23.701421,-46.406899,POINT (-46.406899 -23.701421)
Fast Food_10992926,Mcdonald´s,Mcdonalds,Rua,Rua Cácio de Moura,Jardim Piqueroby,03463060,Fast Food,-23.652387,-46.533937,POINT (-46.533937 -23.652387)
Fast Food_10993043,China In Box,China In Box Parque Sao Domingos,Rua,Av. do Anastácio,City América,05119000,Fast Food,-22.959421,-46.544639,POINT (-46.544639 -22.959421)
Fast Food_10993533,Bob´s,Bobs Burgers,Rua,Av. dos Bandeirantes,Planalto Paulista,04071010,Fast Food,-23.699226,-46.56788,POINT (-46.56788 -23.699226)
Fast Food_10993590,Pizza Hut,Pizza Hut Aeroporto Congonhas Pizzaria Sobremesas Bebidas em Sao Paulo,Rua,Av. Washington Luís,Vila Congonhas,04626911,Fast Food,-23.779579,-45.358564,POINT (-45.358564 -23.779579)
Fast Food_10993905,Ragazzo,Ragazzo Express,Rua,Av. das Nações Unidas,Jurubatuba,04295030,Fast Food,-23.5247,-46.758439,POINT (-46.758439 -23.5247)
Fast Food_10993975,Spoleto,Spoleto,Rua,Av. das Nações Unidas,Jurubatuba,04795000,Fast Food,-23.5247,-46.758439,POINT (-46.758439 -23.5247)
Fast Food_10994168,Burger King,Burger King Shopping SP Market,Rua,Av. das Nações Unidas,Vila Almeida,04795000,Fast Food,-23.779579,-45.358564,POINT (-45.358564 -23.779579)
Fast Food_10994267,Kfc,Kfc,Rua,Av. das Nações Unidas,Jurubatuba,04295030,Fast Food,-23.5247,-46.758439,POINT (-46.758439 -23.5247)
Fast Food_10994641,Ragazzo,Ragazzo,Rua,Av. do Oratório,Jardim Guairaca,03220200,Fast Food,-23.652387,-46.533937,POINT (-46.533937 -23.652387)
Fast Food_10994666,Habib´s,Habibs,Rua,Av. Eng. Armando de Arruda Pereira,Conceição,04309010,Fast Food,-23.6755826,-46.6295942,POINT (-46.6295942 -23.6755826)
Fast Food_10994764,Habib´s,Habibs,Rua,Estr. do Campo Limpo,Vila Prel,05777001,Fast Food,-22.109489,-49.070391,POINT (-49.070391 -22.109489)
Fast Food_10995092,Baked Potato,Baked Potato,Rua,Av. das Nações Unidas,Jurubatuba,04295030,Fast Food,-23.5247,-46.758439,POINT (-46.758439 -23.5247)
Fast Food_10995166,Mania de Churrasco,Mania de Churrasco Prime Steak Burger,Rua,Av. Francisco Matarazzo,Água Branca,05003100,Fast Food,-22.751938,-47.629119,POINT (-47.629119 -22.751938)
Fast Food_10995315,Mcdonald´s,Mcdonalds,Rua,Estr. Iguatemi,Jardim Pedra Branca,08490500,Fast Food,-23.113974,-48.612917,POINT (-48.612917 -23.113974)
Fast Food_10995320,Mcdonald´s,Mcdonalds,Rua,Av. Morumbi,Jardim Leonor,05606200,Fast Food,-23.652387,-46.533937,POINT (-46.533937 -23.652387)
Fast Food_10995420,Giraffas,Giraffas,Rua,Estr. do Campo Limpo,Vila Prel,05777001,Fast Food,-22.109489,-49.070391,POINT (-49.070391 -22.109489)
Fast Food_10995478,Habib´s,Habibs,Rua,R. Tamoios,Jardim Aeroporto,04630000,Fast Food,-23.22831171311108,-45.87781079418781,POINT (-45.87781079418781 -23.22831171311108)
Fast Food_10996195,Mcdonald´s,Mcdonalds,Rua,Av. das Nações Unidas,Jurubatuba,04795000,Fast Food,-23.5247,-46.758439,POINT (-46.758439 -23.5247)
Fast Food_10996334,Spoleto,Spoleto,Rua,Av. das Nações Unidas,Chácara Santo Antônio,05425070,Fast Food,-23.5247,-46.758439,POINT (-46.758439 -23.5247)
Fast Food_10996433,Pizza Hut,Pizza Hut Vila Lageado Pizzaria Delivery em Sao Paulo SP,Rua,Av. Corifeu de Azevedo Marques,Vila Lageado,05340002,Fast Food,-23.601496,-46.757819,POINT (-46.757819 -23.601496)
Fast Food_10996529,Baked Potato,Baked Potato,Rua,Av. Francisco Matarazzo,Água Branca,05003100,Fast Food,-22.751938,-47.629119,POINT (-47.629119 -22.751938)
Fast Food_10996657,Giraffas,Giraffas,Rua,Av. Dr. Ricardo Jafet,Vila São José,04260020,Fast Food,-23.633551,-46.577273,POINT (-46.577273 -23.633551)
Fast Food_10996704,Mcdonald´s,Mcdonalds,Rua,R. Parapuã,Vila Nina,02831000,Fast Food,-21.781654,-50.791587,POINT (-50.791587 -21.781654)
Fast Food_10996924,Mcdonald´s,Mcdonalds,Rua,Av. das Nações Unidas,Chácara Santo Antônio,04794000,Fast Food,-23.5247,-46.758439,POINT (-46.758439 -23.5247)
Fast Food_10997462,Mcdonald´s,Mcdonalds,Rua,Av. Santa Catarina,Vila Santa Catarina,04378400,Fast Food,-23.39396935,-49.51227955060724,POINT (-49.51227955060724 -23.39396935)
Fast Food_10997480,Subway,Subway,Rua,Estr. do Campo Limpo,Vila Prel,05777000,Fast Food,-22.109489,-49.070391,POINT (-49.070391 -22.109489)
Fast Food_10997547,Mcdonald´s,Mcdonalds,Rua,Marginal Pinheiros,Jardim Panorama,05677000,Fast Food,-23.652387,-46.533937,POINT (-46.533937 -23.652387)
Fast Food_10997675,Habib´s,Habibs,Rua,Av. Dona Belmira Marin,Parque Alto do Rio Bonito,04846010,Fast Food,18.529381,-69.775759,POINT (-69.775759 18.529381)
Fast Food_10997753,Mcdonald´s,Mcdonalds,Rua,Rua Roque Petroni Júnior,Jardim das Acacias,04707000,Fast Food,-20.940825,-48.459159,POINT (-48.459159 -20.940825)
Fast Food_10997778,Popeyes Louisiana Kitchen,Popeyes Louisiana Kitchen,Rua,Av. Dr. Francisco Mesquita,Jardim Ibitirama,03153001,Fast Food,-23.652387,-46.533937,POINT (-46.533937 -23.652387)
Fast Food_10998083,Mania de Churrasco,Mania de Churrasco Prime Steak Burger,Rua,Av. das Nações Unidas,Vila Sao Francisco (zona Sul),04794000,Fast Food,-23.661074,-46.820136,POINT (-46.820136 -23.661074)
Fast Food_10998179,Mcdonald´s,Mcdonalds,Rua,Av. Francisco Matarazzo,Água Branca,05003900,Fast Food,-22.751938,-47.629119,POINT (-47.629119 -22.751938)
Fast Food_10998233,Subway,Subway,Rua,Av. Cupecê,Jardim Prudência,04366001,Fast Food,-23.652387,-46.533937,POINT (-46.533937 -23.652387)
Fast Food_10998451,Giraffas,Giraffas Cafe da Manha Burger Almoco Sobremesas Aeroporto de Cgh SP,Rua,Av. Washington Luís,Vila Congonhas,04626911,Fast Food,-23.779579,-45.358564,POINT (-45.358564 -23.779579)
Fast Food_10998551,Popeyes Louisiana Kitchen,Popeyes Louisiana Kitchen,Rua,R. Borba Gato,R. Borba Gato,04747030,Fast Food,-21.1765878,-47.8238699,POINT (-47.8238699 -21.1765878)
Fast Food_10998554,Kfc,Kfc,Rua,Av. das Nações Unidas,Centro Histórico de,05695000,Fast Food,-23.690091,-46.561909,POINT (-46.561909 -23.690091)
Fast Food_10998558,Ragazzo,Ragazzo Express,Rua,Av. Eng. Armando de Arruda Pereira,Jardim Oriental,04308001,Fast Food,-23.627332,-46.576055,POINT (-46.576055 -23.627332)
Fast Food_10998696,Subway,Subway,Rua,Estr. do Campo Limpo,Vila Prel,05777001,Fast Food,-22.109489,-49.070391,POINT (-49.070391 -22.109489)
Fast Food_10998740,Burger King,Burger King Carrefour Raposo,Rua,Rod. Raposo Tavares,Jardim Cambara,06730000,Fast Food,-23.586236,-46.811597,POINT (-46.811597 -23.586236)
Fast Food_10998770,Ragazzo,Ragazzo,Rua,Av. Dr. Ricardo Jafet,Vila São José,04260020,Fast Food,-23.633551,-46.577273,POINT (-46.577273 -23.633551)
Fast Food_10998774,Pizza Hut,Pizza Hut Aeroporto Congonhas Pizzaria Sobremesas Bebidas em Sao Paulo,Rua,Av. Washington Luís,Vila Congonhas,04626911,Fast Food,-23.779579,-45.358564,POINT (-45.358564 -23.779579)
Fast Food_10998882,Jin Jin Wok,Jin Jin Wok Shopping Campo Limpo,Rua,Estr. do Campo Limpo,Vila Prel,05777001,Fast Food,-22.109489,-49.070391,POINT (-49.070391 -22.109489)
Fast Food_10999173,Kfc,Kfc,Rua,Av. Antártica,Água Branca,05003900,Fast Food,-22.73634,-47.600326,POINT (-47.600326 -22.73634)
Fast Food_10999234,Subway,Subway,Rua,Av. Atlântica,Jardim Ipanema,04772003,Fast Food,-23.665536,-46.542212,POINT (-46.542212 -23.665536)
Fast Food_10999575,Spoleto,Spoleto,Rua,Av. Francisco Matarazzo,Água Branca,05003020,Fast Food,-22.751938,-47.629119,POINT (-47.629119 -22.751938)
Fast Food_10999666,Spoleto,Spoleto,Rua,Av. Giovanni Gronchi,Jardim Boa Vista (zona Oeste),05576100,Fast Food,-23.638568,-46.561456,POINT (-46.561456 -23.638568)
Fast Food_10999851,Mr. Pretzels,Mr Pretzels,Rua,Av. Dr. Ricardo Jafet,Vila São José,04123030,Fast Food,-23.633551,-46.577273,POINT (-46.577273 -23.633551)
Fast Food_11000144,Habib´s,Habibs,Rua,Estr. do Campo Limpo,Vila Prel,05777000,Fast Food,-22.109489,-49.070391,POINT (-49.070391 -22.109489)
Fast Food_11000165,Ragazzo,Ragazzo,Rua,Av. Alberto Augusto Alves,Jardim Sao Luiz,05724030,Fast Food,-23.64139,-46.811561,POINT (-46.811561 -23.64139)
Fast Food_11000233,Giraffas,Giraffas,Rua,Av. Francisco Matarazzo,Água Branca,05003100,Fast Food,-22.751938,-47.629119,POINT (-47.629119 -22.751938)
Fast Food_11000368,Gendai,Restaurante Japones Gendai,Rua,Av. das Nações Unidas,Cidade Monções,04578000,Fast Food,-23.5247,-46.758439,POINT (-46.758439 -23.5247)
Fast Food_11000697,Burger King,Burger King Drive Thru,Rua,Av. Pres. Tancredo Neves,Av. Pres. Tancredo Neves,04287010,Fast Food,-23.338909,-47.675531,POINT (-47.675531 -23.338909)
Fast Food_11000848,Griletto,Griletto West Plaza,Rua,Av. Antártica,Água Branca,05003020,Fast Food,-22.73634,-47.600326,POINT (-47.600326 -22.73634)
Fast Food_11001074,Burger King,Burger King Shopping Parque da Cidade,Rua,Av. das Nações Unidas,Chácara Santo Antônio (zona Sul),04794000,Fast Food,-23.5247,-46.758439,POINT (-46.758439 -23.5247)
Fast Food_11001288,Mcdonald´s,Mcdonalds,Rua,Av. Francisco Matarazzo,Água Branca,05005900,Fast Food,-22.751938,-47.629119,POINT (-47.629119 -22.751938)
Fast Food_11001338,Burger King,Burger King,Rua,Rod. Raposo Tavares,Jardim Adhemar de Barros,06730000,Fast Food,-23.586236,-46.811597,POINT (-46.811597 -23.586236)
Fast Food_11001555,Griletto,Griletto,Rua,Av. Aricanduva,Jardim Marília,03527000,Fast Food,-23.652387,-46.533937,POINT (-46.533937 -23.652387)
Fast Food_11001595,Mania de Churrasco,Mania de Churrasco Prime Steak Burger,Rua,Avenida Brg. Faria Lima,Jardim Paulistano,01449010,Fast Food,-23.652387,-46.533937,POINT (-46.533937 -23.652387)
Fast Food_11001760,Chef da Empada,Chef da Empada Carrefour Anchieta,Rua,Rod. Anchieta,Vila Vermelha,04182001,Fast Food,-23.681129,-46.557537,POINT (-46.557537 -23.681129)
Fast Food_11001890,Habib´s,Habibs,Rua,Av. Atlântica,Jardim Guarapiranga,04772004,Fast Food,-23.652387,-46.533937,POINT (-46.533937 -23.652387)
Fast Food_11001992,Mr. Pretzels,Mr Pretzels,Rua,Av. Aricanduva,Jardim Santa Teresinha,03527908,Fast Food,-23.635285,-46.532496,POINT (-46.532496 -23.635285)
Fast Food_11002213,Mcdonald´s,Mcdonalds,Rua,Estrada da Pedreira,Itaquera,08210150,Fast Food,-23.395492,-46.773855,POINT (-46.773855 -23.395492)
Fast Food_11002259,Habib´s,Habibs,Rua,Estr. de Itapecerica,Vila Dantas,05835004,Fast Food,-23.779579,-45.358564,POINT (-45.358564 -23.779579)
Fast Food_11002325,Ragazzo,Ragazzo,Rua,R. Moacir Simões da Rocha,Vila Sao Pedro,04674150,Fast Food,-23.533869,-46.813032,POINT (-46.813032 -23.533869)
Fast Food_11002554,Mania de Churrasco,Mania de Churrasco Prime Steak Burger,Rua,Av. das Nações Unidas,Jurubatuba,04295030,Fast Food,-23.5247,-46.758439,POINT (-46.758439 -23.5247)
Fast Food_11002639,Mcdonald´s,Mcdonalds,Rua,Rod. Fernão Dias,Jardim Modelo,02237000,Fast Food,-23.636827,-46.583183,POINT (-46.583183 -23.636827)
Fast Food_11002702,Habib´s,Habibs,Rua,Av. Sen. Teotônio Vilela,Jardim Casa Grande,04858002,Fast Food,-23.699525,-46.596705,POINT (-46.596705 -23.699525)
Fast Food_11002972,Pizza Hut,Pizza Hut,Rua,R. Tobias Barreto,Belenzinho,03176000,Fast Food,-23.562589,-46.799908,POINT (-46.799908 -23.562589)
Fast Food_11003330,China In Box,China In Box Chacara Santo Antonio,Rua,R. Américo Brasiliense,Chácara Santo Antônio,04715003,Fast Food,-23.614705,-46.565578,POINT (-46.565578 -23.614705)
Fast Food_11003537,Ragazzo,Ragazzo,Rua,Av. Carlos Oberhuber,Jardim Floresta,04836130,Fast Food,-23.652387,-46.533937,POINT (-46.533937 -23.652387)
Hipermercados e Supermercados_10.190.641,Assaí Atacadista,Assaí Atacadista,Rua,Av. das Nações Unidas,Vila Almeida,04795100,Hipermercados e Supermercados,-23.779579,-45.358564,POINT (-45.358564 -23.779579)
Hipermercados e Supermercados_10.246.530,Assaí Atacadista,Assaí Atacadista,Rua,Av. Nossa Senhora do Ó,Vila Albertina,02715000,Hipermercados e Supermercados,-23.779579,-45.358564,POINT (-45.358564 -23.779579)
Hipermercados e Supermercados_10.246.548,Hirota Supermercados,,Supermercado,"Av Interlagos, 3501",Vila Arrieta,04661200,Hipermercados e Supermercados,-23.779579,-45.358564,POINT (-45.358564 -23.779579)
Hipermercados e Supermercados_10.312.292,Assaí Atacadista,Assaí Atacadista,Rua,Av. Sargento Geraldo Sant`ana,Jardim Taquaral,04674225,Hipermercados e Supermercados,-23.652387,-46.533937,POINT (-46.533937 -23.652387)
Hipermercados e Supermercados_10.312.293,Assaí Atacadista,Assaí Atacadista,Rua,Av. Washington Luís,Vila Congonhas,04627901,Hipermercados e Supermercados,-23.779579,-45.358564,POINT (-45.358564 -23.779579)
Hipermercados e Supermercados_10.314.314,Minuto Pão de Açúcar,Minuto Pão de Açúcar,Rua,Av. Onze de Junho,Vila Clementino,04041053,Hipermercados e Supermercados,-23.779579,-45.358564,POINT (-45.358564 -23.779579)
Hipermercados e Supermercados_10.314.318,Minuto Pão de Açúcar,Minuto Pão de Açúcar,Rua,Av. Leonardo da Vinci,Vila Guarani (zona Sul),04313000,Hipermercados e Supermercados,-23.672749,-46.498564,POINT (-46.498564 -23.672749)
Hipermercados e Supermercados_10.416.210,Roldão,Roldão Auto Serviço Comércio de Alimentos,Rua,R. Manuel Bueno da Fonseca,Jardim Sao Luis (zona Leste),08121000,Hipermercados e Supermercados,-23.652387,-46.533937,POINT (-46.533937 -23.652387)
Hipermercados e Supermercados_10.492.602,Spani Atacadista,Spani Atacadista,Rua,Rod. Raposo Tavares,Jardim Cláudia,05577200,Hipermercados e Supermercados,-23.586236,-46.811597,POINT (-46.811597 -23.586236)
Hipermercados e Supermercados_10.573.310,Mini Mercado Extra,Mini Mercado Extra,Rua,Av. Atlântica,Av. Atlântica,04772000,Hipermercados e Supermercados,-23.946641815947125,-46.284914135065605,POINT (-46.284914135065605 -23.946641815947125)
Hipermercados e Supermercados_10.573.387,Mini Mercado Extra,Mini Mercado Extra,Rua,Av. Corifeu de Azevedo Marques,Cidade São Francisco,05339005,Hipermercados e Supermercados,-23.661074,-46.820136,POINT (-46.820136 -23.661074)
Hipermercados e Supermercados_10.637.439,Carrefour Express,Carrefour Express - Shopping SP Market,Rua,Av. das Nações Unidas,Jurubatuba,04795000,Hipermercados e Supermercados,-23.5247,-46.758439,POINT (-46.758439 -23.5247)
Hipermercados e Supermercados_10.637.575,Carrefour Express,Carrefour Express Flechas,Rua,Rua das Flechas,Vila Santa Catarina,04364030,Hipermercados e Supermercados,-22.456828,-47.521792,POINT (-47.521792 -22.456828)
Hipermercados e Supermercados_10.662.557,Minuto Pão de Açúcar,Minuto Pão de Açúcar,Rua,Alameda Lorena,Jardim Paulistano,01424007,Hipermercados e Supermercados,-23.652387,-46.533937,POINT (-46.533937 -23.652387)
Hipermercados e Supermercados_10.662.823,Minuto Pão de Açúcar,Minuto Pão de Açúcar,Rua,Rua Prof,Vila Suzana,05630130,Hipermercados e Supermercados,-20.78703335,-49.36974075,POINT (-49.36974075 -20.78703335)
Hipermercados e Supermercados_10.662.833,Minuto Pão de Açúcar,Minuto Pão de Açúcar Corregio,Rua,Rua Correggio,Vila Suzana,05630020,Hipermercados e Supermercados,-23.541792,-46.310979,POINT (-46.310979 -23.541792)
Hipermercados e Supermercados_10.701.298,Compre Bem,Mercado Compre Bem,Rua,R. Dalia,Jardim Paulistano (zona Norte),02675031,Hipermercados e Supermercados,-22.292948,-49.554933,POINT (-49.554933 -22.292948)
Hipermercados e Supermercados_1.654.435,Ricoy,Guarapiranga,Rua,Estr do Guarapiranga 3440,Jd. Santa Tereza,04901000,Hipermercados e Supermercados,-23.649784,-46.805503,POINT (-46.805503 -23.649784)
Hipermercados e Supermercados_1.654.926,Assaí Atacadista,Assaí Atacadista,Rua,Av. Nordestina,Vila Americana,08032000,Hipermercados e Supermercados,-22.738712,-47.330784,POINT (-47.330784 -22.738712)
Hipermercados e Supermercados_1.654.936,Assaí Atacadista,Assaí Atacadista,Rua,Av. Sylvio Torres,Conj. Hab. Padre Jose de Anchieta,03589010,Hipermercados e Supermercados,-23.338909,-47.675531,POINT (-47.675531 -23.338909)
Hipermercados e Supermercados_1.655.908,Dia%,São Paulo - Pires do Rio II,Rua,Av Pires Do Rio 2645,Jd São Sebastião,08041000,Hipermercados e Supermercados,-23.803111,-45.400639,POINT (-45.400639 -23.803111)
Hipermercados e Supermercados_1.656.001,Dia%,Vila Santa Catarina,Rua,R Conselheiro Elias De Carvalho 475,Vila Santa Catarina,04373000,Hipermercados e Supermercados,-22.456828,-47.521792,POINT (-47.521792 -22.456828)
Hipermercados e Supermercados_1.656.002,Dia%,Jardim Maracanã,Rua,Av João Paulo I 1935,Jd Maracana,02842280,Hipermercados e Supermercados,-23.642881,-46.809086,POINT (-46.809086 -23.642881)
Hipermercados e Supermercados_1.656.012,Dia%,São Paulo - Santa Catarina,Rua,Av Santa Catarina 548,Vila Santa Catarina,04635001,Hipermercados e Supermercados,-29.194475,-49.834325,POINT (-49.834325 -29.194475)
Hipermercados e Supermercados_1.656.397,Sonda,Água Branca,Rua,Av Francisco Matarazzo 892,Água Branca,05003020,Hipermercados e Supermercados,-23.633018,-46.515757,POINT (-46.515757 -23.633018)
Hipermercados e Supermercados_1.656.403,Carrefour Bairro,Carrefour Bairro Interlagos,Rua,Av. Interlagos,Estrada Rio Branco,04777000,Hipermercados e Supermercados,-23.170956,-46.892006,POINT (-46.892006 -23.170956)
Hipermercados e Supermercados_1.656.595,Assaí Atacadista,Assaí Atacadista,Rua,Av. Condessa Elizabeth de Robiano,Jardim America da Penha,03704900,Hipermercados e Supermercados,-22.771303,-47.148817,POINT (-47.148817 -22.771303)
Hipermercados e Supermercados_1.656.878,Carrefour,Crfo Pinheiros,Rua,Av das Nações Unidas 15187,Vila Gomes,04794000,Hipermercados e Supermercados,-23.5247,-46.758439,POINT (-46.758439 -23.5247)
Hipermercados e Supermercados_1.656.887,Carrefour,Crfo Anchieta,Rua,Via Anchieta 3398,Vila Veremelha,04246900,Hipermercados e Supermercados,-23.681129,-46.557537,POINT (-46.557537 -23.681129)
Hipermercados e Supermercados_2.514.767,Dia%,Estrada do Campo Limpo II,Rua,Estr Do Campo Limpo 800,Jardim Piracuama,05777000,Hipermercados e Supermercados,-23.472259,-46.308702,POINT (-46.308702 -23.472259)
Hipermercados e Supermercados_3.958.647,D´Avó,Oratório,Rua,Av do Oratório 4500,Vila Industrial,03220200,Hipermercados e Supermercados,-22.6822,-47.667443,POINT (-47.667443 -22.6822)
Hipermercados e Supermercados_4.226.522,Mini Mercado Extra,Mini Mercado Extra,Rua,Estr. de Itapecerica,Vila Maracana,05835005,Hipermercados e Supermercados,-23.164859,-46.627972,POINT (-46.627972 -23.164859)
Hipermercados e Supermercados_4.226.543,Mini Mercado Extra,Mini Mercado Extra,Rua,Av. Águas de São Pedro,Parada Inglesa,02302070,Hipermercados e Supermercados,-23.549557,-46.354143,POINT (-46.354143 -23.549557)
Hipermercados e Supermercados_4.704.463,Mini Mercado Extra,Mini Mercado Extra,Rua,R. Martins Fontes,Centro Histórico de São Paulo,01050000,Hipermercados e Supermercados,-23.665601,-46.60293,POINT (-46.60293 -23.665601)
Hipermercados e Supermercados_4.770.094,Assaí Atacadista,Assaí Atacadista,Rua,Av. Sen. Teotônio Vilela,Jardim Casa Grande,04858001,Hipermercados e Supermercados,-23.699525,-46.596705,POINT (-46.596705 -23.699525)
Hipermercados e Supermercados_5.334.920,Mini Mercado Extra,Mini Mercado Extra,Rua,R. Jaguaribe,Vila Buarque,01224001,Hipermercados e Supermercados,-23.45523,-46.550608,POINT (-46.550608 -23.45523)
Hipermercados e Supermercados_5.334.932,Mini Mercado Extra,Mini Mercado Extra,Rua,R. Guararapes,Cidade Monções,04561004,Hipermercados e Supermercados,-23.476468,-46.559979,POINT (-46.559979 -23.476468)
Hipermercados e Supermercados_5.379.615,Assaí Atacadista,Assaí Atacadista,Rua,Av. Ragueb Chohfi,Jardim Três Marias,08375000,Hipermercados e Supermercados,-20.960386,-48.489801,POINT (-48.489801 -20.960386)
Hipermercados e Supermercados_5.379.617,Assaí Atacadista,Assaí Atacadista,Rua,Av. Santa Catarina,Vila Santa Catarina,04378300,Hipermercados e Supermercados,-23.39396935,-49.51227955060724,POINT (-49.51227955060724 -23.39396935)
Hipermercados e Supermercados_5.380.812,Minuto Pão de Açúcar,Minuto Pão de Açúcar,Rua,R. Barão de Melgaço,Real Parque,05684030,Hipermercados e Supermercados,-24.061125,-46.559202,POINT (-46.559202 -24.061125)
Hipermercados e Supermercados_6.407.818,Roldão,Roldão Atacadista,Rua,R. Nossa Sra. do Bom Conselho,Chacara Nossa Sra. do Bom Conselho,05763470,Hipermercados e Supermercados,-8.149389,-36.369358,POINT (-36.369358 -8.149389)
Hipermercados e Supermercados_6.515.597,Carrefour Express,Carrefour Express,Rua,R. Augusta,Centro,01305100,Hipermercados e Supermercados,-23.500047999128203,-46.87207595288537,POINT (-46.87207595288537 -23.500047999128203)
Hipermercados e Supermercados_6.515.637,Carrefour Express,Carrefour Express Rodrigues Abreu,Rua,Praça Rodrigues de Abreu,Praça Rodrigues de Abreu,04004080,Hipermercados e Supermercados,-21.134831,-48.982228,POINT (-48.982228 -21.134831)
Hipermercados e Supermercados_6.515.647,Carrefour Express,Carrefour Express Shopping Nações Unidas,Shopping Center,Av. das Nações Unidas,Cidade Monções,04578910,Hipermercados e Supermercados,-23.5247,-46.758439,POINT (-46.758439 -23.5247)
Hipermercados e Supermercados_6.515.655,Carrefour Express,Carrefour Express Verbo Divino,Rua,R. Verbo Divino,Chácara Santo Antônio,04719002,Hipermercados e Supermercados,-23.618596,-46.573278,POINT (-46.573278 -23.618596)
Hipermercados e Supermercados_6.515.660,Carrefour Express,Carrefour Express West Plaza 02,Rua,Av. Antártica,Água Branca,05003900,Hipermercados e Supermercados,-22.73634,-47.600326,POINT (-47.600326 -22.73634)
Hipermercados e Supermercados_7.330.919,Assaí Atacadista,Assaí Atacadista,Shopping Center,Av. Aricanduva,Jardim Marília,03527900,Hipermercados e Supermercados,-23.652387,-46.533937,POINT (-46.533937 -23.652387)
Hipermercados e Supermercados_10.051.702,Pão de Açúcar,,Rua,"Rua Rio Grande, 185", Jardim Campos,8151635,Hipermercados e Supermercados,-23.4693898,-46.3404677,POINT (-46.3404677 -23.4693898)
Hortifruti_10.572.976,Hortifruti,Hortifruti,Rua,Rua Carvalho do Brasil, Jardim das Camélias,08050290,Hortifruti,-23.652387,-46.533937,POINT (-46.533937 -23.652387)
Hortifruti_1.654.077,Oba Hortifruti,Santana Tolle,Rua,Praça Coronel-Polícia Militar Paulo de Tarso Augusto, Santana,02405001,Hortifruti,-22.664013,-47.697473,POINT (-47.697473 -22.664013)
Hortifruti_1.655.066,Oba Hortifruti,Penha,Rua,Rua Pires da Mota, Jardim América da Penha,03653000,Hortifruti,-22.771303,-47.148817,POINT (-47.148817 -22.771303)
Hospital_10.138.831,,Unidade de Internacao de Covid Hospital Dia M Boi Mirim I,Rua,"R Philipe de Vitry, 280",Jd Santa Josefina,05819080,Hospital,49.02017,12.095035,POINT (12.095035 49.02017)
Hospital_10.140.376,,Hospital Vidas Alta Complexidade,Rua,"R Professora Maria de Lourdes de Souza Nogueira, 89",Vila Gea,04692000,Hospital,-20.966883,-50.226265,POINT (-50.226265 -20.966883)
Hospital_10.140.395,,Upa Jabaquara,Rua,"R Rua Cruz das Almas, 290",Vila Campestre,04330060,Hospital,-23.431313,-46.42917,POINT (-46.42917 -23.431313)
Hospital_2.255.804,,Hc Da Fmusp Instituto Do Coracao Incor Sao Paulo,Rua,"Av Dr Eneas De Carvalho Aguiar, 44",Cerqueira Cesar,05403000,Hospital,-23.0349,-49.165198,POINT (-49.165198 -23.0349)
Hospital_2.255.881,,Premier Residence Hospital,Rua,"R Jurubatuba, 461",Vila Cordeiro,04583100,Hospital,-23.779579,-45.358564,POINT (-45.358564 -23.779579)
Hospital_2.255.892,,Hosp Sta Maggiore Analia Franco,Rua,"R Jose De Oscar De Abreu Sampaio, 376",Jardim Analia Franco,01333000,Hospital,-23.652387,-46.533937,POINT (-46.533937 -23.652387)
Hospital_2.255.908,,Complexo Hospitalar Paulista,Rua,"R Antonio Carlos, 122",Cerqueira Cesar,01309010,Hospital,-23.427721,-46.52032,POINT (-46.52032 -23.427721)
Hospital_2.255.927,,Psm Balneario Sao Jose,Rua,"R Gaspar Leme, 200",Balneario Sao Jose,04864050,Hospital,-23.633551,-46.577273,POINT (-46.577273 -23.633551)
Hospital_5.901.175,,Hospital Sancta Maggiore,Rua,"R Juaguaribe, 144",Vila Buarque,01224000,Hospital,-23.454727,-46.550254,POINT (-46.550254 -23.454727)
Petshop_10.092.773,Petz,Petz Nações Unidas,Rua,"Av das Nações Unidas, 20727",Vila Almeida,04795100,Petshop,-23.779579,-45.358564,POINT (-45.358564 -23.779579)
Petshop_10.304.543,Cobasi,Cobasi Carrefour Nações,Supermercado,Av das Nações Unidas 15187,Chácara Santo Antônio,47940000,Petshop,-23.5247,-46.758439,POINT (-46.758439 -23.5247)
Petshop_10.395.530,Petz,Petz Pão de Açúcar Jabaquara,Supermercado,Av Engenheiro Armando Arruda Pereira 2022,Cidade Vargas,04308001,Petshop,-23.633858,-46.579487,POINT (-46.579487 -23.633858)
Petshop_4.700.737,Petz,Petz Anália Franco,Rua,"Av Regente Feijó, 677",Vila Regente Feijó,03342000,Petshop,-22.2221762306381,-51.303360983066064,POINT (-51.303360983066064 -22.2221762306381)
Petshop_4.700.782,Petland,Higienópolis,Rua,Pça Vila Boim 20,Higienópolis,01241010,Petshop,-20.834597,-49.392217,POINT (-49.392217 -20.834597)
Petshop_7.057.509,Petland,Petland Vila Santa Clara,Rua,Av. Sapopemba 2824,Santa Clara,03345000,Petshop,-22.796107,-45.222032,POINT (-45.222032 -22.796107)
Petshop_7.057.516,Petz,Petz Taboão da Serra,Rua,"R do Tesouro, 662",Taboão da Serra,06754190,Petshop,-23.608249681881368,-46.75941812012948,POINT (-46.75941812012948 -23.608249681881368)
Restaurante_10.983.306,Brasileirinho,Brasileirinho Delivery,Rua,R. Dr. Maurício de Lacerda,São Judas,04303192,Restaurante,-22.71503,-47.632519,POINT (-47.632519 -22.71503)
Restaurante_10.983.831,Jeronimo Smash Burger,Jeronimo Burger Shopping Light,Rua,Centro Histórico,Centro Histórico,01048000,Restaurante,-23.4460209,-46.9182222,POINT (-46.9182222 -23.4460209)
Restaurante_10.984.782,Patroni Pizza,Patroni Pizza,Rua,Av. das Nações Unidas,Jurubatuba,04295030,Restaurante,-23.5247,-46.758439,POINT (-46.758439 -23.5247)
Restaurante_10.984.842,Domino´s Pizza,Dominos Pizza Sao Miguel,Rua,Av. São Miguel,Jardim Cotinha,03870100,Restaurante,-23.652387,-46.533937,POINT (-46.533937 -23.652387)
Restaurante_10.984.924,Jeronimo Smash Burger,Jeronimo Burger West Plaza,Rua,Av. Francisco Matarazzo,Água Branca,05003100,Restaurante,-22.751938,-47.629119,POINT (-47.629119 -22.751938)
Restaurante_10.985.084,Brasileirinho,Restaurante Brasileirinho,Rua,R. Estevão Fernandes,Jardim das Flores,04913130,Restaurante,-23.536505,-46.79336,POINT (-46.79336 -23.536505)
Restaurante_10.987.389,Divino Fogão,Divino Fogao Shopping SP Market,Rua,Av. das Nações Unidas,Jurubatuba,04795000,Restaurante,-23.5247,-46.758439,POINT (-46.758439 -23.5247)
Restaurante_10.988.706,Patroni Pizza,Patroni Pizza,Rua,Av. Dr. Francisco Mesquita,Jardim Ibitirama,03153001,Restaurante,-23.652387,-46.533937,POINT (-46.533937 -23.652387)
Restaurante_10.989.492,Outback,Outback Steakhouse Shopping Patio Higienopolis,Rua,Av. Americo Buaiz,Higienópolis,01238000,Restaurante,-20.822078,-49.370524,POINT (-49.370524 -20.822078)
Restaurante_10.992.957,Domino´s Pizza,Dominos Pizza Chacara Santo Antonio,Rua,Rua Alexandre Dumas,Chácara Santo Antônio (zona Sul),04717003,Restaurante,-23.618596,-46.573278,POINT (-46.573278 -23.618596)
Restaurante_10.993.178,Outback,Outback Steakhouse,Rua,Av. Francisco Matarazzo,Água Branca,01141060,Restaurante,-22.751938,-47.629119,POINT (-47.629119 -22.751938)
Restaurante_10.993.483,Divino Fogão,Divino Fogao Shopping West Plaza,Rua,Av. Antártica,Água Branca,05003020,Restaurante,-22.73634,-47.600326,POINT (-47.600326 -22.73634)
Restaurante_10.993.774,Divino Fogão,Divino Fogao Shopping Campo Limpo,Rua,Estr. do Campo Limpo,Vila Prel,05777001,Restaurante,-22.109489,-49.070391,POINT (-49.070391 -22.109489)
Restaurante_10.994.975,Coco Bambu,Coco Bambu SP Market Restaurante Peixe Camarao Carne Lagosta Sao Paulo SP,Rua,Av. das Nações Unidas,Vila Almeida,04795000,Restaurante,-23.779579,-45.358564,POINT (-45.358564 -23.779579)
Restaurante_10.995.031,Outback,Outback Steakhouse,Rua,Av. das Nações Unidas,Vila Gertrudes,04794000,Restaurante,-23.779579,-45.358564,POINT (-45.358564 -23.779579)
Restaurante_10.995.637,Almanara,Almanara Shopping Jk,Rua,Avenida Presidente Juscelino Kubitschek,Vila Nova Conceição,04543011,Restaurante,-23.695965,-46.617871,POINT (-46.617871 -23.695965)
Restaurante_10.995.677,Jeronimo Smash Burger,Jeronimo Burger SP Market,Rua,Av. das Nações Unidas,Vila Almeida,04795000,Restaurante,-23.779579,-45.358564,POINT (-45.358564 -23.779579)
Restaurante_10.996.205,Outback,Outback Steakhouse Shopping Frei Caneca,Rua,R. Frei Caneca,Cerqueira César,01307001,Restaurante,-23.643428,-46.527638,POINT (-46.527638 -23.643428)
Restaurante_10.996.510,Outback,Outback Steakhouse,Rua,Av. das Nações Unidas,Jurubatuba,04795000,Restaurante,-23.5247,-46.758439,POINT (-46.758439 -23.5247)
Restaurante_10.996.530,Divino Fogão,Divino Fogao Ibirapuera,Rua,Av Ibirapuera,Alameda dos Jurupis,04029200,Restaurante,-23.407596,-46.660995,POINT (-46.660995 -23.407596)
Restaurante_10.997.868,Divino Fogão,Divino Fogao Aricanduva,Rua,Av. Aricanduva,Jardim Marília,03526000,Restaurante,-23.652387,-46.533937,POINT (-46.533937 -23.652387)
Restaurante_10.999.891,Outback,Outback Shopping Analia Franco,Rua,R. Anália Franco,Vila Reg. Feijó,03344040,Restaurante,-20.53751,-47.40203,POINT (-47.40203 -20.53751)
Restaurante_11.000.320,Paris 6,Paris 6 Shopping SP Market,Rua,Av. das Nações Unidas,Jurubatuba,04795000,Restaurante,-23.5247,-46.758439,POINT (-46.758439 -23.5247)
Restaurante_11.000.600,Outback,Outback Steakhouse,Rua,Estr. do Campo Limpo,Vila Pirajussara,05777970,Restaurante,-23.665478,-46.799895,POINT (-46.799895 -23.665478)
Restaurante_11.000.945,Jeronimo Smash Burger,Jeronimo Burger Parque da Cidade,Rua,Av. das Nações Unidas,Chácara Santo Antônio,04794000,Restaurante,-23.5247,-46.758439,POINT (-46.758439 -23.5247)
Restaurante_11.002.726,Almanara,Almanara Basilio da Gama,Rua,R. Basílio da Gama,Centro Histórico de São Paulo,01046020,Restaurante,-23.397767,-46.71665,POINT (-46.71665 -23.397767)
Restaurante_11.002.947,Outback,Outback Steakhouse Shopping Bourbon,Rua,R. Turiassu,Água Branca,05005900,Restaurante,-22.751938,-47.629119,POINT (-47.629119 -22.751938)
Restaurante_11.003.294,Frango Assado,Rick Frango Assado,Rua,R. Porto Amazonas,Jardim Brasil,08210780,Restaurante,-21.147793,-48.975679,POINT (-48.975679 -21.147793)
Shopping Center_358283,,West Plaza,Rua,Av Francisco Matarazzo S/N,Água Branca,05003100,Shopping Center,-22.751938,-47.629119,POINT (-47.629119 -22.751938)
Shopping Center_358292,,Raposo Shopping,Rua,Rod Raposo Tavares Km 145,Jd Boa Vista,05577200,Shopping Center,-23.638568,-46.561456,POINT (-46.561456 -23.638568)
Shopping Center_358597,,Cidade Jardim,Rua,Av Magalhães de Castro 12000,Real Parque,05502001,Shopping Center,-23.02823,-45.573358,POINT (-45.573358 -23.02823)
